"Classe","Nome Corso","Ateneo","Anno accademico","Descrizione indicatore","ID Indicatore","Numeratore","Denominatore"
"L-2 - Biotecnologie","0010106200200003 - BIOTECNOLOGIE","Università di Torino","2020","Percentuale di laureati (L; LM; LMCU) entro la durata normale del corso*","iC02","57.000","76.000"
"L-2 - Biotecnologie","0010106200200003 - BIOTECNOLOGIE","Università di Torino","2021","Percentuale di laureati (L; LM; LMCU) entro la durata normale del corso*","iC02","50.000","61.000"
"L-2 - Biotecnologie","0010106200200003 - BIOTECNOLOGIE","Università di Torino","2022","Percentuale di laureati (L; LM; LMCU) entro la durata normale del corso*","iC02","50.000","70.000"
"L-2 - Biotecnologie","0010106200200003 - BIOTECNOLOGIE","Università di Torino","2023","Percentuale di laureati (L; LM; LMCU) entro la durata normale del corso*","iC02","62.000","95.000"
"L-2 - Biotecnologie","0010106200200003 - BIOTECNOLOGIE","Università di Torino","2024","Percentuale di laureati (L; LM; LMCU) entro la durata normale del corso*","iC02","65.000","101.000"
"L-2 - Biotecnologie","0010106200200003 - BIOTECNOLOGIE","Università di Torino","2025","Percentuale di laureati (L; LM; LMCU) entro la durata normale del corso*","iC02","58.000","78.000"
"L-2 - Biotecnologie","0020106200200004 - Biotecnologie","Piemonte Orientale","2020","Percentuale di laureati (L; LM; LMCU) entro la durata normale del corso*","iC02","120.000","194.000"
"L-2 - Biotecnologie","0020106200200004 - Biotecnologie","Piemonte Orientale","2021","Percentuale di laureati (L; LM; LMCU) entro la durata normale del corso*","iC02","89.000","146.000"
"L-2 - Biotecnologie","0020106200200004 - Biotecnologie","Piemonte Orientale","2022","Percentuale di laureati (L; LM; LMCU) entro la durata normale del corso*","iC02","99.000","172.000"
"L-2 - Biotecnologie","0020106200200004 - Biotecnologie","Piemonte Orientale","2023","Percentuale di laureati (L; LM; LMCU) entro la durata normale del corso*","iC02","94.000","169.000"
"L-2 - Biotecnologie","0020106200200004 - Biotecnologie","Piemonte Orientale","2024","Percentuale di laureati (L; LM; LMCU) entro la durata normale del corso*","iC02","93.000","174.000"
"L-2 - Biotecnologie","0020106200200004 - Biotecnologie","Piemonte Orientale","2025","Percentuale di laureati (L; LM; LMCU) entro la durata normale del corso*","iC02","108.000","196.000"
"L-2 - Biotecnologie","0100106200200004 - Biotecnologie","Università di Genova","2020","Percentuale di laureati (L; LM; LMCU) entro la durata normale del corso*","iC02","21.000","27.000"
"L-2 - Biotecnologie","0100106200200004 - Biotecnologie","Università di Genova","2021","Percentuale di laureati (L; LM; LMCU) entro la durata normale del corso*","iC02","22.000","22.000"
"L-2 - Biotecnologie","0100106200200004 - Biotecnologie","Università di Genova","2022","Percentuale di laureati (L; LM; LMCU) entro la durata normale del corso*","iC02","16.000","28.000"
"L-2 - Biotecnologie","0100106200200004 - Biotecnologie","Università di Genova","2023","Percentuale di laureati (L; LM; LMCU) entro la durata normale del corso*","iC02","45.000","54.000"
"L-2 - Biotecnologie","0100106200200004 - Biotecnologie","Università di Genova","2024","Percentuale di laureati (L; LM; LMCU) entro la durata normale del corso*","iC02","31.000","56.000"
"L-2 - Biotecnologie","0100106200200004 - Biotecnologie","Università di Genova","2025","Percentuale di laureati (L; LM; LMCU) entro la durata normale del corso*","iC02","12.000","29.000"
"L-2 - Biotecnologie","0120206200200001 - Biotecnologie","Università dell'Insubria","2020","Percentuale di laureati (L; LM; LMCU) entro la durata normale del corso*","iC02","43.000","54.000"
"L-2 - Biotecnologie","0120206200200001 - Biotecnologie","Università dell'Insubria","2021","Percentuale di laureati (L; LM; LMCU) entro la durata normale del corso*","iC02","43.000","55.000"
"L-2 - Biotecnologie","0120206200200001 - Biotecnologie","Università dell'Insubria","2022","Percentuale di laureati (L; LM; LMCU) entro la durata normale del corso*","iC02","45.000","59.000"
"L-2 - Biotecnologie","0120206200200001 - Biotecnologie","Università dell'Insubria","2023","Percentuale di laureati (L; LM; LMCU) entro la durata normale del corso*","iC02","32.000","54.000"
"L-2 - Biotecnologie","0120206200200001 - Biotecnologie","Università dell'Insubria","2024","Percentuale di laureati (L; LM; LMCU) entro la durata normale del corso*","iC02","39.000","74.000"
"L-2 - Biotecnologie","0120206200200001 - Biotecnologie","Università dell'Insubria","2025","Percentuale di laureati (L; LM; LMCU) entro la durata normale del corso*","iC02","46.000","67.000"
"L-2 - Biotecnologie","0150106200200003 - Biotecnologie mediche","Università di Milano","2020","Percentuale di laureati (L; LM; LMCU) entro la durata normale del corso*","iC02","38.000","50.000"
"L-2 - Biotecnologie","0150106200200003 - Biotecnologie mediche","Università di Milano","2021","Percentuale di laureati (L; LM; LMCU) entro la durata normale del corso*","iC02","42.000","48.000"
"L-2 - Biotecnologie","0150106200200003 - Biotecnologie mediche","Università di Milano","2022","Percentuale di laureati (L; LM; LMCU) entro la durata normale del corso*","iC02","41.000","48.000"
"L-2 - Biotecnologie","0150106200200003 - Biotecnologie mediche","Università di Milano","2023","Percentuale di laureati (L; LM; LMCU) entro la durata normale del corso*","iC02","51.000","58.000"
"L-2 - Biotecnologie","0150106200200003 - Biotecnologie mediche","Università di Milano","2024","Percentuale di laureati (L; LM; LMCU) entro la durata normale del corso*","iC02","42.000","52.000"
"L-2 - Biotecnologie","0150106200200003 - Biotecnologie mediche","Università di Milano","2025","Percentuale di laureati (L; LM; LMCU) entro la durata normale del corso*","iC02","46.000","69.000"
"L-2 - Biotecnologie","0150106200200016 - Biotecnologia","Università di Milano","2020","Percentuale di laureati (L; LM; LMCU) entro la durata normale del corso*","iC02","73.000","107.000"
"L-2 - Biotecnologie","0150106200200016 - Biotecnologia","Università di Milano","2021","Percentuale di laureati (L; LM; LMCU) entro la durata normale del corso*","iC02","75.000","105.000"
"L-2 - Biotecnologie","0150106200200016 - Biotecnologia","Università di Milano","2022","Percentuale di laureati (L; LM; LMCU) entro la durata normale del corso*","iC02","87.000","130.000"
"L-2 - Biotecnologie","0150106200200016 - Biotecnologia","Università di Milano","2023","Percentuale di laureati (L; LM; LMCU) entro la durata normale del corso*","iC02","71.000","107.000"
"L-2 - Biotecnologie","0150106200200016 - Biotecnologia","Università di Milano","2024","Percentuale di laureati (L; LM; LMCU) entro la durata normale del corso*","iC02","86.000","128.000"
"L-2 - Biotecnologie","0150106200200016 - Biotecnologia","Università di Milano","2025","Percentuale di laureati (L; LM; LMCU) entro la durata normale del corso*","iC02","107.000","141.000"
"L-2 - Biotecnologie","0150806200200002 - Ricerca biotecnologica in medicina","San Raffaele","2020","Percentuale di laureati (L; LM; LMCU) entro la durata normale del corso*","iC02","30.000","37.000"
"L-2 - Biotecnologie","0150806200200002 - Ricerca biotecnologica in medicina","San Raffaele","2021","Percentuale di laureati (L; LM; LMCU) entro la durata normale del corso*","iC02","26.000","34.000"
"L-2 - Biotecnologie","0150806200200002 - Ricerca biotecnologica in medicina","San Raffaele","2022","Percentuale di laureati (L; LM; LMCU) entro la durata normale del corso*","iC02","27.000","32.000"
"L-2 - Biotecnologie","0150806200200002 - Ricerca biotecnologica in medicina","San Raffaele","2023","Percentuale di laureati (L; LM; LMCU) entro la durata normale del corso*","iC02","27.000","31.000"
"L-2 - Biotecnologie","0150806200200002 - Ricerca biotecnologica in medicina","San Raffaele","2024","Percentuale di laureati (L; LM; LMCU) entro la durata normale del corso*","iC02","30.000","33.000"
"L-2 - Biotecnologie","0150806200200002 - Ricerca biotecnologica in medicina","San Raffaele","2025","Percentuale di laureati (L; LM; LMCU) entro la durata normale del corso*","iC02","24.000","28.000"
"L-2 - Biotecnologie","0150906200200008 - BIOTECNOLOGIE","Bicocca","2020","Percentuale di laureati (L; LM; LMCU) entro la durata normale del corso*","iC02","129.000","167.000"
"L-2 - Biotecnologie","0150906200200008 - BIOTECNOLOGIE","Bicocca","2021","Percentuale di laureati (L; LM; LMCU) entro la durata normale del corso*","iC02","109.000","139.000"
"L-2 - Biotecnologie","0150906200200008 - BIOTECNOLOGIE","Bicocca","2022","Percentuale di laureati (L; LM; LMCU) entro la durata normale del corso*","iC02","96.000","118.000"
"L-2 - Biotecnologie","0150906200200008 - BIOTECNOLOGIE","Bicocca","2023","Percentuale di laureati (L; LM; LMCU) entro la durata normale del corso*","iC02","89.000","118.000"
"L-2 - Biotecnologie","0150906200200008 - BIOTECNOLOGIE","Bicocca","2024","Percentuale di laureati (L; LM; LMCU) entro la durata normale del corso*","iC02","118.000","160.000"
"L-2 - Biotecnologie","0150906200200008 - BIOTECNOLOGIE","Bicocca","2025","Percentuale di laureati (L; LM; LMCU) entro la durata normale del corso*","iC02","77.000","118.000"
"L-2 - Biotecnologie","0170106200200003 - Biotecnologie","Università di Brescia","2020","Percentuale di laureati (L; LM; LMCU) entro la durata normale del corso*","iC02","17.000","23.000"
"L-2 - Biotecnologie","0170106200200003 - Biotecnologie","Università di Brescia","2021","Percentuale di laureati (L; LM; LMCU) entro la durata normale del corso*","iC02","18.000","27.000"
"L-2 - Biotecnologie","0170106200200003 - Biotecnologie","Università di Brescia","2022","Percentuale di laureati (L; LM; LMCU) entro la durata normale del corso*","iC02","16.000","16.000"
"L-2 - Biotecnologie","0170106200200003 - Biotecnologie","Università di Brescia","2023","Percentuale di laureati (L; LM; LMCU) entro la durata normale del corso*","iC02","21.000","26.000"
"L-2 - Biotecnologie","0170106200200003 - Biotecnologie","Università di Brescia","2024","Percentuale di laureati (L; LM; LMCU) entro la durata normale del corso*","iC02","25.000","31.000"
"L-2 - Biotecnologie","0170106200200003 - Biotecnologie","Università di Brescia","2025","Percentuale di laureati (L; LM; LMCU) entro la durata normale del corso*","iC02","16.000","21.000"
"L-2 - Biotecnologie","0180106200200002 - Biotecnologie","Università di Pavia","2020","Percentuale di laureati (L; LM; LMCU) entro la durata normale del corso*","iC02","93.000","120.000"
"L-2 - Biotecnologie","0180106200200002 - Biotecnologie","Università di Pavia","2021","Percentuale di laureati (L; LM; LMCU) entro la durata normale del corso*","iC02","63.000","79.000"
"L-2 - Biotecnologie","0180106200200002 - Biotecnologie","Università di Pavia","2022","Percentuale di laureati (L; LM; LMCU) entro la durata normale del corso*","iC02","70.000","88.000"
"L-2 - Biotecnologie","0180106200200002 - Biotecnologie","Università di Pavia","2023","Percentuale di laureati (L; LM; LMCU) entro la durata normale del corso*","iC02","79.000","94.000"
"L-2 - Biotecnologie","0180106200200002 - Biotecnologie","Università di Pavia","2024","Percentuale di laureati (L; LM; LMCU) entro la durata normale del corso*","iC02","94.000","124.000"
"L-2 - Biotecnologie","0180106200200002 - Biotecnologie","Università di Pavia","2025","Percentuale di laureati (L; LM; LMCU) entro la durata normale del corso*","iC02","73.000","94.000"
"L-2 - Biotecnologie","0220106200200002 - SCIENZE E TECNOLOGIE BIOMOLECOLARI","Università di Trento","2020","Percentuale di laureati (L; LM; LMCU) entro la durata normale del corso*","iC02","48.000","53.000"
"L-2 - Biotecnologie","0220106200200002 - SCIENZE E TECNOLOGIE BIOMOLECOLARI","Università di Trento","2021","Percentuale di laureati (L; LM; LMCU) entro la durata normale del corso*","iC02","43.000","55.000"
"L-2 - Biotecnologie","0220106200200002 - SCIENZE E TECNOLOGIE BIOMOLECOLARI","Università di Trento","2022","Percentuale di laureati (L; LM; LMCU) entro la durata normale del corso*","iC02","34.000","49.000"
"L-2 - Biotecnologie","0220106200200002 - SCIENZE E TECNOLOGIE BIOMOLECOLARI","Università di Trento","2023","Percentuale di laureati (L; LM; LMCU) entro la durata normale del corso*","iC02","43.000","57.000"
"L-2 - Biotecnologie","0220106200200002 - SCIENZE E TECNOLOGIE BIOMOLECOLARI","Università di Trento","2024","Percentuale di laureati (L; LM; LMCU) entro la durata normale del corso*","iC02","33.000","51.000"
"L-2 - Biotecnologie","0220106200200002 - SCIENZE E TECNOLOGIE BIOMOLECOLARI","Università di Trento","2025","Percentuale di laureati (L; LM; LMCU) entro la durata normale del corso*","iC02","45.000","59.000"
"L-2 - Biotecnologie","0230106200200002 - Biotecnologie","Università di Verona","2020","Percentuale di laureati (L; LM; LMCU) entro la durata normale del corso*","iC02","44.000","74.000"
"L-2 - Biotecnologie","0230106200200002 - Biotecnologie","Università di Verona","2021","Percentuale di laureati (L; LM; LMCU) entro la durata normale del corso*","iC02","35.000","49.000"
"L-2 - Biotecnologie","0230106200200002 - Biotecnologie","Università di Verona","2022","Percentuale di laureati (L; LM; LMCU) entro la durata normale del corso*","iC02","32.000","42.000"
"L-2 - Biotecnologie","0230106200200002 - Biotecnologie","Università di Verona","2023","Percentuale di laureati (L; LM; LMCU) entro la durata normale del corso*","iC02","65.000","79.000"
"L-2 - Biotecnologie","0230106200200002 - Biotecnologie","Università di Verona","2024","Percentuale di laureati (L; LM; LMCU) entro la durata normale del corso*","iC02","47.000","60.000"
"L-2 - Biotecnologie","0230106200200002 - Biotecnologie","Università di Verona","2025","Percentuale di laureati (L; LM; LMCU) entro la durata normale del corso*","iC02","35.000","52.000"
"L-2 - Biotecnologie","0280106200200001 - Biotecnologie","Università di Padova","2020","Percentuale di laureati (L; LM; LMCU) entro la durata normale del corso*","iC02","63.000","88.000"
"L-2 - Biotecnologie","0280106200200001 - Biotecnologie","Università di Padova","2021","Percentuale di laureati (L; LM; LMCU) entro la durata normale del corso*","iC02","61.000","83.000"
"L-2 - Biotecnologie","0280106200200001 - Biotecnologie","Università di Padova","2022","Percentuale di laureati (L; LM; LMCU) entro la durata normale del corso*","iC02","60.000","78.000"
"L-2 - Biotecnologie","0280106200200001 - Biotecnologie","Università di Padova","2023","Percentuale di laureati (L; LM; LMCU) entro la durata normale del corso*","iC02","69.000","98.000"
"L-2 - Biotecnologie","0280106200200001 - Biotecnologie","Università di Padova","2024","Percentuale di laureati (L; LM; LMCU) entro la durata normale del corso*","iC02","88.000","109.000"
"L-2 - Biotecnologie","0280106200200001 - Biotecnologie","Università di Padova","2025","Percentuale di laureati (L; LM; LMCU) entro la durata normale del corso*","iC02","101.000","129.000"
"L-2 - Biotecnologie","0300106200200002 - Biotecnologie","Università di Udine","2020","Percentuale di laureati (L; LM; LMCU) entro la durata normale del corso*","iC02","17.000","29.000"
"L-2 - Biotecnologie","0300106200200002 - Biotecnologie","Università di Udine","2021","Percentuale di laureati (L; LM; LMCU) entro la durata normale del corso*","iC02","19.000","31.000"
"L-2 - Biotecnologie","0300106200200002 - Biotecnologie","Università di Udine","2022","Percentuale di laureati (L; LM; LMCU) entro la durata normale del corso*","iC02","21.000","29.000"
"L-2 - Biotecnologie","0300106200200002 - Biotecnologie","Università di Udine","2023","Percentuale di laureati (L; LM; LMCU) entro la durata normale del corso*","iC02","18.000","28.000"
"L-2 - Biotecnologie","0300106200200002 - Biotecnologie","Università di Udine","2024","Percentuale di laureati (L; LM; LMCU) entro la durata normale del corso*","iC02","23.000","31.000"
"L-2 - Biotecnologie","0300106200200002 - Biotecnologie","Università di Udine","2025","Percentuale di laureati (L; LM; LMCU) entro la durata normale del corso*","iC02","12.000","21.000"
"L-2 - Biotecnologie","0320106201300002 - Scienze e tecnologie biologiche","Università di Trieste","2020","Percentuale di laureati (L; LM; LMCU) entro la durata normale del corso*","iC02","47.000","62.000"
"L-2 - Biotecnologie","0320106201300002 - Scienze e tecnologie biologiche","Università di Trieste","2021","Percentuale di laureati (L; LM; LMCU) entro la durata normale del corso*","iC02","40.000","63.000"
"L-2 - Biotecnologie","0320106201300002 - Scienze e tecnologie biologiche","Università di Trieste","2022","Percentuale di laureati (L; LM; LMCU) entro la durata normale del corso*","iC02","43.000","68.000"
"L-2 - Biotecnologie","0320106201300002 - Scienze e tecnologie biologiche","Università di Trieste","2023","Percentuale di laureati (L; LM; LMCU) entro la durata normale del corso*","iC02","34.000","49.000"
"L-2 - Biotecnologie","0320106201300002 - Scienze e tecnologie biologiche","Università di Trieste","2024","Percentuale di laureati (L; LM; LMCU) entro la durata normale del corso*","iC02","41.000","49.000"
"L-2 - Biotecnologie","0320106201300002 - Scienze e tecnologie biologiche","Università di Trieste","2025","Percentuale di laureati (L; LM; LMCU) entro la durata normale del corso*","iC02","32.000","42.000"
"L-2 - Biotecnologie","0340106200200002 - Biotecnologie","Università di Parma","2020","Percentuale di laureati (L; LM; LMCU) entro la durata normale del corso*","iC02","46.000","75.000"
"L-2 - Biotecnologie","0340106200200002 - Biotecnologie","Università di Parma","2021","Percentuale di laureati (L; LM; LMCU) entro la durata normale del corso*","iC02","55.000","82.000"
"L-2 - Biotecnologie","0340106200200002 - Biotecnologie","Università di Parma","2022","Percentuale di laureati (L; LM; LMCU) entro la durata normale del corso*","iC02","65.000","77.000"
"L-2 - Biotecnologie","0340106200200002 - Biotecnologie","Università di Parma","2023","Percentuale di laureati (L; LM; LMCU) entro la durata normale del corso*","iC02","40.000","59.000"
"L-2 - Biotecnologie","0340106200200002 - Biotecnologie","Università di Parma","2024","Percentuale di laureati (L; LM; LMCU) entro la durata normale del corso*","iC02","59.000","73.000"
"L-2 - Biotecnologie","0340106200200002 - Biotecnologie","Università di Parma","2025","Percentuale di laureati (L; LM; LMCU) entro la durata normale del corso*","iC02","48.000","63.000"
"L-2 - Biotecnologie","0360106200200001 - BIOTECNOLOGIE","Università di Modena e Reggio Emilia","2020","Percentuale di laureati (L; LM; LMCU) entro la durata normale del corso*","iC02","24.000","33.000"
"L-2 - Biotecnologie","0360106200200001 - BIOTECNOLOGIE","Università di Modena e Reggio Emilia","2021","Percentuale di laureati (L; LM; LMCU) entro la durata normale del corso*","iC02","27.000","39.000"
"L-2 - Biotecnologie","0360106200200001 - BIOTECNOLOGIE","Università di Modena e Reggio Emilia","2022","Percentuale di laureati (L; LM; LMCU) entro la durata normale del corso*","iC02","31.000","44.000"
"L-2 - Biotecnologie","0360106200200001 - BIOTECNOLOGIE","Università di Modena e Reggio Emilia","2023","Percentuale di laureati (L; LM; LMCU) entro la durata normale del corso*","iC02","19.000","26.000"
"L-2 - Biotecnologie","0360106200200001 - BIOTECNOLOGIE","Università di Modena e Reggio Emilia","2024","Percentuale di laureati (L; LM; LMCU) entro la durata normale del corso*","iC02","25.000","45.000"
"L-2 - Biotecnologie","0360106200200001 - BIOTECNOLOGIE","Università di Modena e Reggio Emilia","2025","Percentuale di laureati (L; LM; LMCU) entro la durata normale del corso*","iC02","27.000","41.000"
"L-2 - Biotecnologie","0370106200200001 - Biotecnologie","Università di Bologna","2020","Percentuale di laureati (L; LM; LMCU) entro la durata normale del corso*","iC02","60.000","70.000"
"L-2 - Biotecnologie","0370106200200001 - Biotecnologie","Università di Bologna","2021","Percentuale di laureati (L; LM; LMCU) entro la durata normale del corso*","iC02","62.000","69.000"
"L-2 - Biotecnologie","0370106200200001 - Biotecnologie","Università di Bologna","2022","Percentuale di laureati (L; LM; LMCU) entro la durata normale del corso*","iC02","57.000","68.000"
"L-2 - Biotecnologie","0370106200200001 - Biotecnologie","Università di Bologna","2023","Percentuale di laureati (L; LM; LMCU) entro la durata normale del corso*","iC02","59.000","72.000"
"L-2 - Biotecnologie","0370106200200001 - Biotecnologie","Università di Bologna","2024","Percentuale di laureati (L; LM; LMCU) entro la durata normale del corso*","iC02","52.000","59.000"
"L-2 - Biotecnologie","0370106200200001 - Biotecnologie","Università di Bologna","2025","Percentuale di laureati (L; LM; LMCU) entro la durata normale del corso*","iC02","60.000","70.000"
"L-2 - Biotecnologie","0370106200200002 - Genomica","Università di Bologna","2020","Percentuale di laureati (L; LM; LMCU) entro la durata normale del corso*","iC02","20.000","20.000"
"L-2 - Biotecnologie","0370106200200002 - Genomica","Università di Bologna","2021","Percentuale di laureati (L; LM; LMCU) entro la durata normale del corso*","iC02","35.000","37.000"
"L-2 - Biotecnologie","0370106200200002 - Genomica","Università di Bologna","2022","Percentuale di laureati (L; LM; LMCU) entro la durata normale del corso*","iC02","20.000","20.000"
"L-2 - Biotecnologie","0370106200200002 - Genomica","Università di Bologna","2023","Percentuale di laureati (L; LM; LMCU) entro la durata normale del corso*","iC02","28.000","31.000"
"L-2 - Biotecnologie","0370106200200002 - Genomica","Università di Bologna","2024","Percentuale di laureati (L; LM; LMCU) entro la durata normale del corso*","iC02","27.000","38.000"
"L-2 - Biotecnologie","0370106200200002 - Genomica","Università di Bologna","2025","Percentuale di laureati (L; LM; LMCU) entro la durata normale del corso*","iC02","28.000","36.000"
"L-2 - Biotecnologie","0380106200200001 - Biotecnologie","Università di Ferrara","2020","Percentuale di laureati (L; LM; LMCU) entro la durata normale del corso*","iC02","397.000","402.000"
"L-2 - Biotecnologie","0380106200200001 - Biotecnologie","Università di Ferrara","2021","Percentuale di laureati (L; LM; LMCU) entro la durata normale del corso*","iC02","576.000","638.000"
"L-2 - Biotecnologie","0380106200200001 - Biotecnologie","Università di Ferrara","2022","Percentuale di laureati (L; LM; LMCU) entro la durata normale del corso*","iC02","148.000","202.000"
"L-2 - Biotecnologie","0380106200200001 - Biotecnologie","Università di Ferrara","2023","Percentuale di laureati (L; LM; LMCU) entro la durata normale del corso*","iC02","142.000","207.000"
"L-2 - Biotecnologie","0380106200200001 - Biotecnologie","Università di Ferrara","2024","Percentuale di laureati (L; LM; LMCU) entro la durata normale del corso*","iC02","127.000","166.000"
"L-2 - Biotecnologie","0380106200200001 - Biotecnologie","Università di Ferrara","2025","Percentuale di laureati (L; LM; LMCU) entro la durata normale del corso*","iC02","119.000","165.000"
"L-2 - Biotecnologie","0380106200200002 - Biotecnologie mediche","Università di Ferrara","2022","Percentuale di laureati (L; LM; LMCU) entro la durata normale del corso*","iC02","425.000","450.000"
"L-2 - Biotecnologie","0380106200200002 - Biotecnologie mediche","Università di Ferrara","2023","Percentuale di laureati (L; LM; LMCU) entro la durata normale del corso*","iC02","358.000","417.000"
"L-2 - Biotecnologie","0380106200200002 - Biotecnologie mediche","Università di Ferrara","2024","Percentuale di laureati (L; LM; LMCU) entro la durata normale del corso*","iC02","200.000","276.000"
"L-2 - Biotecnologie","0380106200200002 - Biotecnologie mediche","Università di Ferrara","2025","Percentuale di laureati (L; LM; LMCU) entro la durata normale del corso*","iC02","216.000","274.000"
"L-2 - Biotecnologie","0410106200200001 - BIOTECNOLOGIE","Carlo Bo","2020","Percentuale di laureati (L; LM; LMCU) entro la durata normale del corso*","iC02","37.000","52.000"
"L-2 - Biotecnologie","0410106200200001 - BIOTECNOLOGIE","Carlo Bo","2021","Percentuale di laureati (L; LM; LMCU) entro la durata normale del corso*","iC02","48.000","70.000"
"L-2 - Biotecnologie","0410106200200001 - BIOTECNOLOGIE","Carlo Bo","2022","Percentuale di laureati (L; LM; LMCU) entro la durata normale del corso*","iC02","38.000","62.000"
"L-2 - Biotecnologie","0410106200200001 - BIOTECNOLOGIE","Carlo Bo","2023","Percentuale di laureati (L; LM; LMCU) entro la durata normale del corso*","iC02","25.000","41.000"
"L-2 - Biotecnologie","0410106200200001 - BIOTECNOLOGIE","Carlo Bo","2024","Percentuale di laureati (L; LM; LMCU) entro la durata normale del corso*","iC02","18.000","36.000"
"L-2 - Biotecnologie","0410106200200001 - BIOTECNOLOGIE","Carlo Bo","2025","Percentuale di laureati (L; LM; LMCU) entro la durata normale del corso*","iC02","29.000","43.000"
"L-2 - Biotecnologie","0430206200200005 - Bioscienze e Biotecnologia -  Biosciences and Biotechnology","Università di Camerino","2020","Percentuale di laureati (L; LM; LMCU) entro la durata normale del corso*","iC02","32.000","50.000"
"L-2 - Biotecnologie","0430206200200005 - Bioscienze e Biotecnologia -  Biosciences and Biotechnology","Università di Camerino","2021","Percentuale di laureati (L; LM; LMCU) entro la durata normale del corso*","iC02","25.000","42.000"
"L-2 - Biotecnologie","0430206200200005 - Bioscienze e Biotecnologia -  Biosciences and Biotechnology","Università di Camerino","2022","Percentuale di laureati (L; LM; LMCU) entro la durata normale del corso*","iC02","35.000","45.000"
"L-2 - Biotecnologie","0430206200200005 - Bioscienze e Biotecnologia -  Biosciences and Biotechnology","Università di Camerino","2023","Percentuale di laureati (L; LM; LMCU) entro la durata normale del corso*","iC02","40.000","56.000"
"L-2 - Biotecnologie","0430206200200005 - Bioscienze e Biotecnologia -  Biosciences and Biotechnology","Università di Camerino","2024","Percentuale di laureati (L; LM; LMCU) entro la durata normale del corso*","iC02","35.000","48.000"
"L-2 - Biotecnologie","0430206200200005 - Bioscienze e Biotecnologia -  Biosciences and Biotechnology","Università di Camerino","2025","Percentuale di laureati (L; LM; LMCU) entro la durata normale del corso*","iC02","42.000","67.000"
"L-2 - Biotecnologie","0480106200200002 - Biotecnologie","Università di Firenze","2020","Percentuale di laureati (L; LM; LMCU) entro la durata normale del corso*","iC02","64.000","99.000"
"L-2 - Biotecnologie","0480106200200002 - Biotecnologie","Università di Firenze","2021","Percentuale di laureati (L; LM; LMCU) entro la durata normale del corso*","iC02","57.000","109.000"
"L-2 - Biotecnologie","0480106200200002 - Biotecnologie","Università di Firenze","2022","Percentuale di laureati (L; LM; LMCU) entro la durata normale del corso*","iC02","45.000","94.000"
"L-2 - Biotecnologie","0480106200200002 - Biotecnologie","Università di Firenze","2023","Percentuale di laureati (L; LM; LMCU) entro la durata normale del corso*","iC02","61.000","96.000"
"L-2 - Biotecnologie","0480106200200002 - Biotecnologie","Università di Firenze","2024","Percentuale di laureati (L; LM; LMCU) entro la durata normale del corso*","iC02","43.000","89.000"
"L-2 - Biotecnologie","0480106200200002 - Biotecnologie","Università di Firenze","2025","Percentuale di laureati (L; LM; LMCU) entro la durata normale del corso*","iC02","50.000","87.000"
"L-2 - Biotecnologie","0500106200200004 - BIOTECNOLOGIE","Università di Pisa","2020","Percentuale di laureati (L; LM; LMCU) entro la durata normale del corso*","iC02","23.000","42.000"
"L-2 - Biotecnologie","0500106200200004 - BIOTECNOLOGIE","Università di Pisa","2021","Percentuale di laureati (L; LM; LMCU) entro la durata normale del corso*","iC02","23.000","44.000"
"L-2 - Biotecnologie","0500106200200004 - BIOTECNOLOGIE","Università di Pisa","2022","Percentuale di laureati (L; LM; LMCU) entro la durata normale del corso*","iC02","22.000","38.000"
"L-2 - Biotecnologie","0500106200200004 - BIOTECNOLOGIE","Università di Pisa","2023","Percentuale di laureati (L; LM; LMCU) entro la durata normale del corso*","iC02","23.000","34.000"
"L-2 - Biotecnologie","0500106200200004 - BIOTECNOLOGIE","Università di Pisa","2024","Percentuale di laureati (L; LM; LMCU) entro la durata normale del corso*","iC02","32.000","55.000"
"L-2 - Biotecnologie","0500106200200004 - BIOTECNOLOGIE","Università di Pisa","2025","Percentuale di laureati (L; LM; LMCU) entro la durata normale del corso*","iC02","18.000","36.000"
"L-2 - Biotecnologie","0520106200200001 - Biotecnologie","Università di Siena","2020","Percentuale di laureati (L; LM; LMCU) entro la durata normale del corso*","iC02","36.000","45.000"
"L-2 - Biotecnologie","0520106200200001 - Biotecnologie","Università di Siena","2021","Percentuale di laureati (L; LM; LMCU) entro la durata normale del corso*","iC02","28.000","32.000"
"L-2 - Biotecnologie","0520106200200001 - Biotecnologie","Università di Siena","2022","Percentuale di laureati (L; LM; LMCU) entro la durata normale del corso*","iC02","41.000","50.000"
"L-2 - Biotecnologie","0520106200200001 - Biotecnologie","Università di Siena","2023","Percentuale di laureati (L; LM; LMCU) entro la durata normale del corso*","iC02","22.000","27.000"
"L-2 - Biotecnologie","0520106200200001 - Biotecnologie","Università di Siena","2024","Percentuale di laureati (L; LM; LMCU) entro la durata normale del corso*","iC02","34.000","47.000"
"L-2 - Biotecnologie","0520106200200001 - Biotecnologie","Università di Siena","2025","Percentuale di laureati (L; LM; LMCU) entro la durata normale del corso*","iC02","28.000","36.000"
"L-2 - Biotecnologie","0540106200200003 - Biotecnologie","Università di Perugia","2020","Percentuale di laureati (L; LM; LMCU) entro la durata normale del corso*","iC02","94.000","145.000"
"L-2 - Biotecnologie","0540106200200003 - Biotecnologie","Università di Perugia","2021","Percentuale di laureati (L; LM; LMCU) entro la durata normale del corso*","iC02","29.000","75.000"
"L-2 - Biotecnologie","0540106200200003 - Biotecnologie","Università di Perugia","2022","Percentuale di laureati (L; LM; LMCU) entro la durata normale del corso*","iC02","21.000","65.000"
"L-2 - Biotecnologie","0540106200200003 - Biotecnologie","Università di Perugia","2023","Percentuale di laureati (L; LM; LMCU) entro la durata normale del corso*","iC02","58.000","75.000"
"L-2 - Biotecnologie","0540106200200003 - Biotecnologie","Università di Perugia","2024","Percentuale di laureati (L; LM; LMCU) entro la durata normale del corso*","iC02","54.000","116.000"
"L-2 - Biotecnologie","0540106200200003 - Biotecnologie","Università di Perugia","2025","Percentuale di laureati (L; LM; LMCU) entro la durata normale del corso*","iC02","59.000","133.000"
"L-2 - Biotecnologie","0560106200200005 - Biotecnologie","Università della Tuscia","2020","Percentuale di laureati (L; LM; LMCU) entro la durata normale del corso*","iC02","18.000","55.000"
"L-2 - Biotecnologie","0560106200200005 - Biotecnologie","Università della Tuscia","2021","Percentuale di laureati (L; LM; LMCU) entro la durata normale del corso*","iC02","41.000","74.000"
"L-2 - Biotecnologie","0560106200200005 - Biotecnologie","Università della Tuscia","2022","Percentuale di laureati (L; LM; LMCU) entro la durata normale del corso*","iC02","26.000","60.000"
"L-2 - Biotecnologie","0560106200200005 - Biotecnologie","Università della Tuscia","2023","Percentuale di laureati (L; LM; LMCU) entro la durata normale del corso*","iC02","32.000","56.000"
"L-2 - Biotecnologie","0560106200200005 - Biotecnologie","Università della Tuscia","2024","Percentuale di laureati (L; LM; LMCU) entro la durata normale del corso*","iC02","35.000","80.000"
"L-2 - Biotecnologie","0560106200200005 - Biotecnologie","Università della Tuscia","2025","Percentuale di laureati (L; LM; LMCU) entro la durata normale del corso*","iC02","36.000","88.000"
"L-2 - Biotecnologie","0580106200200001 - Biotecnologie Agro-Alimentari e Industriali","La Sapienza","2020","Percentuale di laureati (L; LM; LMCU) entro la durata normale del corso*","iC02","24.000","89.000"
"L-2 - Biotecnologie","0580106200200001 - Biotecnologie Agro-Alimentari e Industriali","La Sapienza","2021","Percentuale di laureati (L; LM; LMCU) entro la durata normale del corso*","iC02","25.000","57.000"
"L-2 - Biotecnologie","0580106200200001 - Biotecnologie Agro-Alimentari e Industriali","La Sapienza","2022","Percentuale di laureati (L; LM; LMCU) entro la durata normale del corso*","iC02","31.000","56.000"
"L-2 - Biotecnologie","0580106200200001 - Biotecnologie Agro-Alimentari e Industriali","La Sapienza","2023","Percentuale di laureati (L; LM; LMCU) entro la durata normale del corso*","iC02","17.000","50.000"
"L-2 - Biotecnologie","0580106200200001 - Biotecnologie Agro-Alimentari e Industriali","La Sapienza","2024","Percentuale di laureati (L; LM; LMCU) entro la durata normale del corso*","iC02","11.000","32.000"
"L-2 - Biotecnologie","0580106200200001 - Biotecnologie Agro-Alimentari e Industriali","La Sapienza","2025","Percentuale di laureati (L; LM; LMCU) entro la durata normale del corso*","iC02","10.000","39.000"
"L-2 - Biotecnologie","0580106200200002 - Biotecnologie","La Sapienza","2020","Percentuale di laureati (L; LM; LMCU) entro la durata normale del corso*","iC02","42.000","62.000"
"L-2 - Biotecnologie","0580106200200002 - Biotecnologie","La Sapienza","2021","Percentuale di laureati (L; LM; LMCU) entro la durata normale del corso*","iC02","37.000","55.000"
"L-2 - Biotecnologie","0580106200200002 - Biotecnologie","La Sapienza","2022","Percentuale di laureati (L; LM; LMCU) entro la durata normale del corso*","iC02","31.000","53.000"
"L-2 - Biotecnologie","0580106200200002 - Biotecnologie","La Sapienza","2023","Percentuale di laureati (L; LM; LMCU) entro la durata normale del corso*","iC02","41.000","58.000"
"L-2 - Biotecnologie","0580106200200002 - Biotecnologie","La Sapienza","2024","Percentuale di laureati (L; LM; LMCU) entro la durata normale del corso*","iC02","38.000","62.000"
"L-2 - Biotecnologie","0580106200200002 - Biotecnologie","La Sapienza","2025","Percentuale di laureati (L; LM; LMCU) entro la durata normale del corso*","iC02","27.000","59.000"
"L-2 - Biotecnologie","0580106200200003 - Bioinformatica","La Sapienza","2020","Percentuale di laureati (L; LM; LMCU) entro la durata normale del corso*","iC02","11.000","16.000"
"L-2 - Biotecnologie","0580106200200003 - Bioinformatica","La Sapienza","2021","Percentuale di laureati (L; LM; LMCU) entro la durata normale del corso*","iC02","8.000","15.000"
"L-2 - Biotecnologie","0580106200200003 - Bioinformatica","La Sapienza","2022","Percentuale di laureati (L; LM; LMCU) entro la durata normale del corso*","iC02","14.000","18.000"
"L-2 - Biotecnologie","0580106200200003 - Bioinformatica","La Sapienza","2023","Percentuale di laureati (L; LM; LMCU) entro la durata normale del corso*","iC02","14.000","20.000"
"L-2 - Biotecnologie","0580106200200003 - Bioinformatica","La Sapienza","2024","Percentuale di laureati (L; LM; LMCU) entro la durata normale del corso*","iC02","16.000","26.000"
"L-2 - Biotecnologie","0580106200200003 - Bioinformatica","La Sapienza","2025","Percentuale di laureati (L; LM; LMCU) entro la durata normale del corso*","iC02","14.000","25.000"
"L-2 - Biotecnologie","0580206200200001 - Biotecnologie","Tor Vergata","2020","Percentuale di laureati (L; LM; LMCU) entro la durata normale del corso*","iC02","39.000","60.000"
"L-2 - Biotecnologie","0580206200200001 - Biotecnologie","Tor Vergata","2021","Percentuale di laureati (L; LM; LMCU) entro la durata normale del corso*","iC02","29.000","35.000"
"L-2 - Biotecnologie","0580206200200001 - Biotecnologie","Tor Vergata","2022","Percentuale di laureati (L; LM; LMCU) entro la durata normale del corso*","iC02","26.000","39.000"
"L-2 - Biotecnologie","0580206200200001 - Biotecnologie","Tor Vergata","2023","Percentuale di laureati (L; LM; LMCU) entro la durata normale del corso*","iC02","18.000","42.000"
"L-2 - Biotecnologie","0580206200200001 - Biotecnologie","Tor Vergata","2024","Percentuale di laureati (L; LM; LMCU) entro la durata normale del corso*","iC02","13.000","31.000"
"L-2 - Biotecnologie","0580206200200001 - Biotecnologie","Tor Vergata","2025","Percentuale di laureati (L; LM; LMCU) entro la durata normale del corso*","iC02","20.000","47.000"
"L-2 - Biotecnologie","0620106200200003 - BIOTECNOLOGIE","Università del Sannio","2020","Percentuale di laureati (L; LM; LMCU) entro la durata normale del corso*","iC02","21.000","54.000"
"L-2 - Biotecnologie","0620106200200003 - BIOTECNOLOGIE","Università del Sannio","2021","Percentuale di laureati (L; LM; LMCU) entro la durata normale del corso*","iC02","32.000","73.000"
"L-2 - Biotecnologie","0620106200200003 - BIOTECNOLOGIE","Università del Sannio","2022","Percentuale di laureati (L; LM; LMCU) entro la durata normale del corso*","iC02","29.000","57.000"
"L-2 - Biotecnologie","0620106200200003 - BIOTECNOLOGIE","Università del Sannio","2023","Percentuale di laureati (L; LM; LMCU) entro la durata normale del corso*","iC02","18.000","46.000"
"L-2 - Biotecnologie","0620106200200003 - BIOTECNOLOGIE","Università del Sannio","2024","Percentuale di laureati (L; LM; LMCU) entro la durata normale del corso*","iC02","27.000","50.000"
"L-2 - Biotecnologie","0620106200200003 - BIOTECNOLOGIE","Università del Sannio","2025","Percentuale di laureati (L; LM; LMCU) entro la durata normale del corso*","iC02","38.000","58.000"
"L-2 - Biotecnologie","0630106200200002 - Corso di laurea in Biotecnologie Biomolecolari e Industriali","Federico II","2020","Percentuale di laureati (L; LM; LMCU) entro la durata normale del corso*","iC02","10.000","15.000"
"L-2 - Biotecnologie","0630106200200002 - Corso di laurea in Biotecnologie Biomolecolari e Industriali","Federico II","2021","Percentuale di laureati (L; LM; LMCU) entro la durata normale del corso*","iC02","20.000","36.000"
"L-2 - Biotecnologie","0630106200200002 - Corso di laurea in Biotecnologie Biomolecolari e Industriali","Federico II","2022","Percentuale di laureati (L; LM; LMCU) entro la durata normale del corso*","iC02","19.000","28.000"
"L-2 - Biotecnologie","0630106200200002 - Corso di laurea in Biotecnologie Biomolecolari e Industriali","Federico II","2023","Percentuale di laureati (L; LM; LMCU) entro la durata normale del corso*","iC02","13.000","31.000"
"L-2 - Biotecnologie","0630106200200002 - Corso di laurea in Biotecnologie Biomolecolari e Industriali","Federico II","2024","Percentuale di laureati (L; LM; LMCU) entro la durata normale del corso*","iC02","16.000","26.000"
"L-2 - Biotecnologie","0630106200200002 - Corso di laurea in Biotecnologie Biomolecolari e Industriali","Federico II","2025","Percentuale di laureati (L; LM; LMCU) entro la durata normale del corso*","iC02","12.000","23.000"
"L-2 - Biotecnologie","0630106200200004 - Biotecnologie per la Salute","Federico II","2020","Percentuale di laureati (L; LM; LMCU) entro la durata normale del corso*","iC02","67.000","129.000"
"L-2 - Biotecnologie","0630106200200004 - Biotecnologie per la Salute","Federico II","2021","Percentuale di laureati (L; LM; LMCU) entro la durata normale del corso*","iC02","85.000","130.000"
"L-2 - Biotecnologie","0630106200200004 - Biotecnologie per la Salute","Federico II","2022","Percentuale di laureati (L; LM; LMCU) entro la durata normale del corso*","iC02","87.000","133.000"
"L-2 - Biotecnologie","0630106200200004 - Biotecnologie per la Salute","Federico II","2023","Percentuale di laureati (L; LM; LMCU) entro la durata normale del corso*","iC02","85.000","143.000"
"L-2 - Biotecnologie","0630106200200004 - Biotecnologie per la Salute","Federico II","2024","Percentuale di laureati (L; LM; LMCU) entro la durata normale del corso*","iC02","74.000","136.000"
"L-2 - Biotecnologie","0630106200200004 - Biotecnologie per la Salute","Federico II","2025","Percentuale di laureati (L; LM; LMCU) entro la durata normale del corso*","iC02","70.000","127.000"
"L-2 - Biotecnologie","0630606200200002 - Biotecnologie","Università Vanvitelli","2020","Percentuale di laureati (L; LM; LMCU) entro la durata normale del corso*","iC02","8.000","18.000"
"L-2 - Biotecnologie","0630606200200002 - Biotecnologie","Università Vanvitelli","2021","Percentuale di laureati (L; LM; LMCU) entro la durata normale del corso*","iC02","9.000","15.000"
"L-2 - Biotecnologie","0630606200200002 - Biotecnologie","Università Vanvitelli","2022","Percentuale di laureati (L; LM; LMCU) entro la durata normale del corso*","iC02","12.000","30.000"
"L-2 - Biotecnologie","0630606200200002 - Biotecnologie","Università Vanvitelli","2023","Percentuale di laureati (L; LM; LMCU) entro la durata normale del corso*","iC02","14.000","22.000"
"L-2 - Biotecnologie","0630606200200002 - Biotecnologie","Università Vanvitelli","2024","Percentuale di laureati (L; LM; LMCU) entro la durata normale del corso*","iC02","4.000","17.000"
"L-2 - Biotecnologie","0630606200200002 - Biotecnologie","Università Vanvitelli","2025","Percentuale di laureati (L; LM; LMCU) entro la durata normale del corso*","iC02","8.000","24.000"
"L-2 - Biotecnologie","0660106200200008 - Biotecnologie","Università de L'Aquila","2020","Percentuale di laureati (L; LM; LMCU) entro la durata normale del corso*","iC02","6.000","26.000"
"L-2 - Biotecnologie","0660106200200008 - Biotecnologie","Università de L'Aquila","2021","Percentuale di laureati (L; LM; LMCU) entro la durata normale del corso*","iC02","10.000","50.000"
"L-2 - Biotecnologie","0660106200200008 - Biotecnologie","Università de L'Aquila","2022","Percentuale di laureati (L; LM; LMCU) entro la durata normale del corso*","iC02","8.000","33.000"
"L-2 - Biotecnologie","0660106200200008 - Biotecnologie","Università de L'Aquila","2023","Percentuale di laureati (L; LM; LMCU) entro la durata normale del corso*","iC02","12.000","35.000"
"L-2 - Biotecnologie","0660106200200008 - Biotecnologie","Università de L'Aquila","2024","Percentuale di laureati (L; LM; LMCU) entro la durata normale del corso*","iC02","9.000","25.000"
"L-2 - Biotecnologie","0660106200200008 - Biotecnologie","Università de L'Aquila","2025","Percentuale di laureati (L; LM; LMCU) entro la durata normale del corso*","iC02","10.000","25.000"
"L-2 - Biotecnologie","0670106200200002 - Biotecnologie","Università di Teramo","2020","Percentuale di laureati (L; LM; LMCU) entro la durata normale del corso*","iC02","42.000","72.000"
"L-2 - Biotecnologie","0670106200200002 - Biotecnologie","Università di Teramo","2021","Percentuale di laureati (L; LM; LMCU) entro la durata normale del corso*","iC02","80.000","104.000"
"L-2 - Biotecnologie","0670106200200002 - Biotecnologie","Università di Teramo","2022","Percentuale di laureati (L; LM; LMCU) entro la durata normale del corso*","iC02","43.000","75.000"
"L-2 - Biotecnologie","0670106200200002 - Biotecnologie","Università di Teramo","2023","Percentuale di laureati (L; LM; LMCU) entro la durata normale del corso*","iC02","52.000","89.000"
"L-2 - Biotecnologie","0670106200200002 - Biotecnologie","Università di Teramo","2024","Percentuale di laureati (L; LM; LMCU) entro la durata normale del corso*","iC02","48.000","77.000"
"L-2 - Biotecnologie","0670106200200002 - Biotecnologie","Università di Teramo","2025","Percentuale di laureati (L; LM; LMCU) entro la durata normale del corso*","iC02","47.000","80.000"
"L-2 - Biotecnologie","0720106200200002 - Biotecnologie Industriali per lo Sviluppo Sostenibile","Università di Bari","2020","Percentuale di laureati (L; LM; LMCU) entro la durata normale del corso*","iC02","4.000","17.000"
"L-2 - Biotecnologie","0720106200200002 - Biotecnologie Industriali per lo Sviluppo Sostenibile","Università di Bari","2021","Percentuale di laureati (L; LM; LMCU) entro la durata normale del corso*","iC02","7.000","25.000"
"L-2 - Biotecnologie","0720106200200002 - Biotecnologie Industriali per lo Sviluppo Sostenibile","Università di Bari","2022","Percentuale di laureati (L; LM; LMCU) entro la durata normale del corso*","iC02","1.000","5.000"
"L-2 - Biotecnologie","0720106200200002 - Biotecnologie Industriali per lo Sviluppo Sostenibile","Università di Bari","2023","Percentuale di laureati (L; LM; LMCU) entro la durata normale del corso*","iC02","4.000","13.000"
"L-2 - Biotecnologie","0720106200200002 - Biotecnologie Industriali per lo Sviluppo Sostenibile","Università di Bari","2024","Percentuale di laureati (L; LM; LMCU) entro la durata normale del corso*","iC02","5.000","20.000"
"L-2 - Biotecnologie","0720106200200002 - Biotecnologie Industriali per lo Sviluppo Sostenibile","Università di Bari","2025","Percentuale di laureati (L; LM; LMCU) entro la durata normale del corso*","iC02","2.000","7.000"
"L-2 - Biotecnologie","0720106200200003 - Biotecnologie Mediche e Farmaceutiche","Università di Bari","2020","Percentuale di laureati (L; LM; LMCU) entro la durata normale del corso*","iC02","18.000","50.000"
"L-2 - Biotecnologie","0720106200200003 - Biotecnologie Mediche e Farmaceutiche","Università di Bari","2021","Percentuale di laureati (L; LM; LMCU) entro la durata normale del corso*","iC02","16.000","43.000"
"L-2 - Biotecnologie","0720106200200003 - Biotecnologie Mediche e Farmaceutiche","Università di Bari","2022","Percentuale di laureati (L; LM; LMCU) entro la durata normale del corso*","iC02","16.000","45.000"
"L-2 - Biotecnologie","0720106200200003 - Biotecnologie Mediche e Farmaceutiche","Università di Bari","2023","Percentuale di laureati (L; LM; LMCU) entro la durata normale del corso*","iC02","18.000","47.000"
"L-2 - Biotecnologie","0720106200200003 - Biotecnologie Mediche e Farmaceutiche","Università di Bari","2024","Percentuale di laureati (L; LM; LMCU) entro la durata normale del corso*","iC02","15.000","46.000"
"L-2 - Biotecnologie","0720106200200003 - Biotecnologie Mediche e Farmaceutiche","Università di Bari","2025","Percentuale di laureati (L; LM; LMCU) entro la durata normale del corso*","iC02","23.000","50.000"
"L-2 - Biotecnologie","0750106200200002 - BIOTECNOLOGIE","Università del SALENTO","2020","Percentuale di laureati (L; LM; LMCU) entro la durata normale del corso*","iC02","32.000","59.000"
"L-2 - Biotecnologie","0750106200200002 - BIOTECNOLOGIE","Università del SALENTO","2021","Percentuale di laureati (L; LM; LMCU) entro la durata normale del corso*","iC02","30.000","61.000"
"L-2 - Biotecnologie","0750106200200002 - BIOTECNOLOGIE","Università del SALENTO","2022","Percentuale di laureati (L; LM; LMCU) entro la durata normale del corso*","iC02","26.000","44.000"
"L-2 - Biotecnologie","0750106200200002 - BIOTECNOLOGIE","Università del SALENTO","2023","Percentuale di laureati (L; LM; LMCU) entro la durata normale del corso*","iC02","24.000","49.000"
"L-2 - Biotecnologie","0750106200200002 - BIOTECNOLOGIE","Università del SALENTO","2024","Percentuale di laureati (L; LM; LMCU) entro la durata normale del corso*","iC02","36.000","60.000"
"L-2 - Biotecnologie","0750106200200002 - BIOTECNOLOGIE","Università del SALENTO","2025","Percentuale di laureati (L; LM; LMCU) entro la durata normale del corso*","iC02","20.000","39.000"
"L-2 - Biotecnologie","0760106200200003 - Biotecnologie","Università della Basilicata","2020","Percentuale di laureati (L; LM; LMCU) entro la durata normale del corso*","iC02","10.000","45.000"
"L-2 - Biotecnologie","0760106200200003 - Biotecnologie","Università della Basilicata","2021","Percentuale di laureati (L; LM; LMCU) entro la durata normale del corso*","iC02","14.000","37.000"
"L-2 - Biotecnologie","0760106200200003 - Biotecnologie","Università della Basilicata","2022","Percentuale di laureati (L; LM; LMCU) entro la durata normale del corso*","iC02","10.000","29.000"
"L-2 - Biotecnologie","0760106200200003 - Biotecnologie","Università della Basilicata","2023","Percentuale di laureati (L; LM; LMCU) entro la durata normale del corso*","iC02","22.000","44.000"
"L-2 - Biotecnologie","0760106200200003 - Biotecnologie","Università della Basilicata","2024","Percentuale di laureati (L; LM; LMCU) entro la durata normale del corso*","iC02","7.000","32.000"
"L-2 - Biotecnologie","0760106200200003 - Biotecnologie","Università della Basilicata","2025","Percentuale di laureati (L; LM; LMCU) entro la durata normale del corso*","iC02","1.000","20.000"
"L-2 - Biotecnologie","0780106201300002 - Scienze e tecnologie biologiche","Università della Calabria","2020","Percentuale di laureati (L; LM; LMCU) entro la durata normale del corso*","iC02","11.000","36.000"
"L-2 - Biotecnologie","0780106201300002 - Scienze e tecnologie biologiche","Università della Calabria","2021","Percentuale di laureati (L; LM; LMCU) entro la durata normale del corso*","iC02","13.000","41.000"
"L-2 - Biotecnologie","0780106201300002 - Scienze e tecnologie biologiche","Università della Calabria","2022","Percentuale di laureati (L; LM; LMCU) entro la durata normale del corso*","iC02","14.000","29.000"
"L-2 - Biotecnologie","0780106201300002 - Scienze e tecnologie biologiche","Università della Calabria","2023","Percentuale di laureati (L; LM; LMCU) entro la durata normale del corso*","iC02","15.000","43.000"
"L-2 - Biotecnologie","0780106201300002 - Scienze e tecnologie biologiche","Università della Calabria","2024","Percentuale di laureati (L; LM; LMCU) entro la durata normale del corso*","iC02","12.000","38.000"
"L-2 - Biotecnologie","0780106201300002 - Scienze e tecnologie biologiche","Università della Calabria","2025","Percentuale di laureati (L; LM; LMCU) entro la durata normale del corso*","iC02","18.000","39.000"
"L-2 - Biotecnologie","0790106200200002 - Biotecnologie","Magna Graecia","2020","Percentuale di laureati (L; LM; LMCU) entro la durata normale del corso*","iC02","16.000","32.000"
"L-2 - Biotecnologie","0790106200200002 - Biotecnologie","Magna Graecia","2021","Percentuale di laureati (L; LM; LMCU) entro la durata normale del corso*","iC02","21.000","41.000"
"L-2 - Biotecnologie","0790106200200002 - Biotecnologie","Magna Graecia","2022","Percentuale di laureati (L; LM; LMCU) entro la durata normale del corso*","iC02","37.000","61.000"
"L-2 - Biotecnologie","0790106200200002 - Biotecnologie","Magna Graecia","2023","Percentuale di laureati (L; LM; LMCU) entro la durata normale del corso*","iC02","17.000","44.000"
"L-2 - Biotecnologie","0790106200200002 - Biotecnologie","Magna Graecia","2024","Percentuale di laureati (L; LM; LMCU) entro la durata normale del corso*","iC02","18.000","36.000"
"L-2 - Biotecnologie","0790106200200002 - Biotecnologie","Magna Graecia","2025","Percentuale di laureati (L; LM; LMCU) entro la durata normale del corso*","iC02","11.000","41.000"
"L-2 - Biotecnologie","0820106200200001 - Biotecnologie","Università di Palermo","2020","Percentuale di laureati (L; LM; LMCU) entro la durata normale del corso*","iC02","20.000","46.000"
"L-2 - Biotecnologie","0820106200200001 - Biotecnologie","Università di Palermo","2021","Percentuale di laureati (L; LM; LMCU) entro la durata normale del corso*","iC02","27.000","48.000"
"L-2 - Biotecnologie","0820106200200001 - Biotecnologie","Università di Palermo","2022","Percentuale di laureati (L; LM; LMCU) entro la durata normale del corso*","iC02","24.000","41.000"
"L-2 - Biotecnologie","0820106200200001 - Biotecnologie","Università di Palermo","2023","Percentuale di laureati (L; LM; LMCU) entro la durata normale del corso*","iC02","29.000","46.000"
"L-2 - Biotecnologie","0820106200200001 - Biotecnologie","Università di Palermo","2024","Percentuale di laureati (L; LM; LMCU) entro la durata normale del corso*","iC02","32.000","56.000"
"L-2 - Biotecnologie","0820106200200001 - Biotecnologie","Università di Palermo","2025","Percentuale di laureati (L; LM; LMCU) entro la durata normale del corso*","iC02","25.000","41.000"
"L-2 - Biotecnologie","0830106200200003 - Biotecnologie","Università di Messina","2020","Percentuale di laureati (L; LM; LMCU) entro la durata normale del corso*","iC02","18.000","25.000"
"L-2 - Biotecnologie","0830106200200003 - Biotecnologie","Università di Messina","2021","Percentuale di laureati (L; LM; LMCU) entro la durata normale del corso*","iC02","5.000","10.000"
"L-2 - Biotecnologie","0830106200200003 - Biotecnologie","Università di Messina","2022","Percentuale di laureati (L; LM; LMCU) entro la durata normale del corso*","iC02","8.000","18.000"
"L-2 - Biotecnologie","0830106200200003 - Biotecnologie","Università di Messina","2023","Percentuale di laureati (L; LM; LMCU) entro la durata normale del corso*","iC02","20.000","38.000"
"L-2 - Biotecnologie","0830106200200003 - Biotecnologie","Università di Messina","2024","Percentuale di laureati (L; LM; LMCU) entro la durata normale del corso*","iC02","15.000","40.000"
"L-2 - Biotecnologie","0830106200200003 - Biotecnologie","Università di Messina","2025","Percentuale di laureati (L; LM; LMCU) entro la durata normale del corso*","iC02","21.000","40.000"
"L-2 - Biotecnologie","0870106200200001 - Biotecnologie","Università di Catania","2021","Percentuale di laureati (L; LM; LMCU) entro la durata normale del corso*","iC02","5.000","5.000"
"L-2 - Biotecnologie","0870106200200001 - Biotecnologie","Università di Catania","2022","Percentuale di laureati (L; LM; LMCU) entro la durata normale del corso*","iC02","22.000","33.000"
"L-2 - Biotecnologie","0870106200200001 - Biotecnologie","Università di Catania","2023","Percentuale di laureati (L; LM; LMCU) entro la durata normale del corso*","iC02","25.000","32.000"
"L-2 - Biotecnologie","0870106200200001 - Biotecnologie","Università di Catania","2024","Percentuale di laureati (L; LM; LMCU) entro la durata normale del corso*","iC02","23.000","52.000"
"L-2 - Biotecnologie","0870106200200001 - Biotecnologie","Università di Catania","2025","Percentuale di laureati (L; LM; LMCU) entro la durata normale del corso*","iC02","21.000","58.000"
"L-2 - Biotecnologie","0900106200200001 - Biotecnologie e Analisi Bioinformatiche","Università di Sassari","2020","Percentuale di laureati (L; LM; LMCU) entro la durata normale del corso*","iC02","12.000","23.000"
"L-2 - Biotecnologie","0900106200200001 - Biotecnologie e Analisi Bioinformatiche","Università di Sassari","2021","Percentuale di laureati (L; LM; LMCU) entro la durata normale del corso*","iC02","9.000","24.000"
"L-2 - Biotecnologie","0900106200200001 - Biotecnologie e Analisi Bioinformatiche","Università di Sassari","2022","Percentuale di laureati (L; LM; LMCU) entro la durata normale del corso*","iC02","8.000","23.000"
"L-2 - Biotecnologie","0900106200200001 - Biotecnologie e Analisi Bioinformatiche","Università di Sassari","2023","Percentuale di laureati (L; LM; LMCU) entro la durata normale del corso*","iC02","10.000","12.000"
"L-2 - Biotecnologie","0900106200200001 - Biotecnologie e Analisi Bioinformatiche","Università di Sassari","2024","Percentuale di laureati (L; LM; LMCU) entro la durata normale del corso*","iC02","8.000","13.000"
"L-2 - Biotecnologie","0900106200200001 - Biotecnologie e Analisi Bioinformatiche","Università di Sassari","2025","Percentuale di laureati (L; LM; LMCU) entro la durata normale del corso*","iC02","6.000","18.000"
"L-2 - Biotecnologie","0920106200200001 - BIOTECNOLOGIE","Università di Cagliari","2020","Percentuale di laureati (L; LM; LMCU) entro la durata normale del corso*","iC02","7.000","27.000"
"L-2 - Biotecnologie","0920106200200001 - BIOTECNOLOGIE","Università di Cagliari","2021","Percentuale di laureati (L; LM; LMCU) entro la durata normale del corso*","iC02","9.000","17.000"
"L-2 - Biotecnologie","0920106200200001 - BIOTECNOLOGIE","Università di Cagliari","2022","Percentuale di laureati (L; LM; LMCU) entro la durata normale del corso*","iC02","7.000","17.000"
"L-2 - Biotecnologie","0920106200200001 - BIOTECNOLOGIE","Università di Cagliari","2023","Percentuale di laureati (L; LM; LMCU) entro la durata normale del corso*","iC02","12.000","31.000"
"L-2 - Biotecnologie","0920106200200001 - BIOTECNOLOGIE","Università di Cagliari","2024","Percentuale di laureati (L; LM; LMCU) entro la durata normale del corso*","iC02","7.000","17.000"
"L-2 - Biotecnologie","0920106200200001 - BIOTECNOLOGIE","Università di Cagliari","2025","Percentuale di laureati (L; LM; LMCU) entro la durata normale del corso*","iC02","6.000","19.000"
