"Ateneo","Classe","Nome Corso","ID Indicatore","Descrizione indicatore","Anno accademico","Indicatore"
"Università di Bari","L-2 - Biotecnologie","0720106200200002 - Biotecnologie Industriali per lo Sviluppo Sostenibile","iC00a","Avvii di carriera al primo anno* (L; LMCU; LM)","2020","88.000"
"Università di Bari","L-2 - Biotecnologie","0720106200200002 - Biotecnologie Industriali per lo Sviluppo Sostenibile","iC00a","Avvii di carriera al primo anno* (L; LMCU; LM)","2021","89.000"
"Università di Bari","L-2 - Biotecnologie","0720106200200002 - Biotecnologie Industriali per lo Sviluppo Sostenibile","iC00a","Avvii di carriera al primo anno* (L; LMCU; LM)","2022","87.000"
"Università di Bari","L-2 - Biotecnologie","0720106200200002 - Biotecnologie Industriali per lo Sviluppo Sostenibile","iC00a","Avvii di carriera al primo anno* (L; LMCU; LM)","2023","64.000"
"Università di Bari","L-2 - Biotecnologie","0720106200200002 - Biotecnologie Industriali per lo Sviluppo Sostenibile","iC00a","Avvii di carriera al primo anno* (L; LMCU; LM)","2024","99.000"
"Università di Bari","L-2 - Biotecnologie","0720106200200002 - Biotecnologie Industriali per lo Sviluppo Sostenibile","iC00a","Avvii di carriera al primo anno* (L; LMCU; LM)","2025","127.000"
"Università di Bari","L-2 - Biotecnologie","0720106200200003 - Biotecnologie Mediche e Farmaceutiche","iC00a","Avvii di carriera al primo anno* (L; LMCU; LM)","2020","73.000"
"Università di Bari","L-2 - Biotecnologie","0720106200200003 - Biotecnologie Mediche e Farmaceutiche","iC00a","Avvii di carriera al primo anno* (L; LMCU; LM)","2021","83.000"
"Università di Bari","L-2 - Biotecnologie","0720106200200003 - Biotecnologie Mediche e Farmaceutiche","iC00a","Avvii di carriera al primo anno* (L; LMCU; LM)","2022","88.000"
"Università di Bari","L-2 - Biotecnologie","0720106200200003 - Biotecnologie Mediche e Farmaceutiche","iC00a","Avvii di carriera al primo anno* (L; LMCU; LM)","2023","50.000"
"Università di Bari","L-2 - Biotecnologie","0720106200200003 - Biotecnologie Mediche e Farmaceutiche","iC00a","Avvii di carriera al primo anno* (L; LMCU; LM)","2024","61.000"
"Università di Bari","L-2 - Biotecnologie","0720106200200003 - Biotecnologie Mediche e Farmaceutiche","iC00a","Avvii di carriera al primo anno* (L; LMCU; LM)","2025","123.000"
"Università della Basilicata","L-2 - Biotecnologie","0760106200200003 - Biotecnologie","iC00a","Avvii di carriera al primo anno* (L; LMCU; LM)","2020","84.000"
"Università della Basilicata","L-2 - Biotecnologie","0760106200200003 - Biotecnologie","iC00a","Avvii di carriera al primo anno* (L; LMCU; LM)","2021","93.000"
"Università della Basilicata","L-2 - Biotecnologie","0760106200200003 - Biotecnologie","iC00a","Avvii di carriera al primo anno* (L; LMCU; LM)","2022","98.000"
"Università della Basilicata","L-2 - Biotecnologie","0760106200200003 - Biotecnologie","iC00a","Avvii di carriera al primo anno* (L; LMCU; LM)","2023","99.000"
"Università della Basilicata","L-2 - Biotecnologie","0760106200200003 - Biotecnologie","iC00a","Avvii di carriera al primo anno* (L; LMCU; LM)","2024","90.000"
"Università della Basilicata","L-2 - Biotecnologie","0760106200200003 - Biotecnologie","iC00a","Avvii di carriera al primo anno* (L; LMCU; LM)","2025","94.000"
"Università di Bologna","L-2 - Biotecnologie","0370106200200001 - Biotecnologie","iC00a","Avvii di carriera al primo anno* (L; LMCU; LM)","2020","111.000"
"Università di Bologna","L-2 - Biotecnologie","0370106200200001 - Biotecnologie","iC00a","Avvii di carriera al primo anno* (L; LMCU; LM)","2021","95.000"
"Università di Bologna","L-2 - Biotecnologie","0370106200200001 - Biotecnologie","iC00a","Avvii di carriera al primo anno* (L; LMCU; LM)","2022","106.000"
"Università di Bologna","L-2 - Biotecnologie","0370106200200001 - Biotecnologie","iC00a","Avvii di carriera al primo anno* (L; LMCU; LM)","2023","94.000"
"Università di Bologna","L-2 - Biotecnologie","0370106200200001 - Biotecnologie","iC00a","Avvii di carriera al primo anno* (L; LMCU; LM)","2024","82.000"
"Università di Bologna","L-2 - Biotecnologie","0370106200200001 - Biotecnologie","iC00a","Avvii di carriera al primo anno* (L; LMCU; LM)","2025","104.000"
"Università di Bologna","L-2 - Biotecnologie","0370106200200002 - Genomica","iC00a","Avvii di carriera al primo anno* (L; LMCU; LM)","2020","49.000"
"Università di Bologna","L-2 - Biotecnologie","0370106200200002 - Genomica","iC00a","Avvii di carriera al primo anno* (L; LMCU; LM)","2021","53.000"
"Università di Bologna","L-2 - Biotecnologie","0370106200200002 - Genomica","iC00a","Avvii di carriera al primo anno* (L; LMCU; LM)","2022","49.000"
"Università di Bologna","L-2 - Biotecnologie","0370106200200002 - Genomica","iC00a","Avvii di carriera al primo anno* (L; LMCU; LM)","2023","42.000"
"Università di Bologna","L-2 - Biotecnologie","0370106200200002 - Genomica","iC00a","Avvii di carriera al primo anno* (L; LMCU; LM)","2024","34.000"
"Università di Bologna","L-2 - Biotecnologie","0370106200200002 - Genomica","iC00a","Avvii di carriera al primo anno* (L; LMCU; LM)","2025","40.000"
"Università di Brescia","L-2 - Biotecnologie","0170106200200003 - Biotecnologie","iC00a","Avvii di carriera al primo anno* (L; LMCU; LM)","2020","61.000"
"Università di Brescia","L-2 - Biotecnologie","0170106200200003 - Biotecnologie","iC00a","Avvii di carriera al primo anno* (L; LMCU; LM)","2021","66.000"
"Università di Brescia","L-2 - Biotecnologie","0170106200200003 - Biotecnologie","iC00a","Avvii di carriera al primo anno* (L; LMCU; LM)","2022","67.000"
"Università di Brescia","L-2 - Biotecnologie","0170106200200003 - Biotecnologie","iC00a","Avvii di carriera al primo anno* (L; LMCU; LM)","2023","71.000"
"Università di Brescia","L-2 - Biotecnologie","0170106200200003 - Biotecnologie","iC00a","Avvii di carriera al primo anno* (L; LMCU; LM)","2024","72.000"
"Università di Brescia","L-2 - Biotecnologie","0170106200200003 - Biotecnologie","iC00a","Avvii di carriera al primo anno* (L; LMCU; LM)","2025","71.000"
"Università di Cagliari","L-2 - Biotecnologie","0920106200200001 - BIOTECNOLOGIE","iC00a","Avvii di carriera al primo anno* (L; LMCU; LM)","2020","64.000"
"Università di Cagliari","L-2 - Biotecnologie","0920106200200001 - BIOTECNOLOGIE","iC00a","Avvii di carriera al primo anno* (L; LMCU; LM)","2021","65.000"
"Università di Cagliari","L-2 - Biotecnologie","0920106200200001 - BIOTECNOLOGIE","iC00a","Avvii di carriera al primo anno* (L; LMCU; LM)","2022","59.000"
"Università di Cagliari","L-2 - Biotecnologie","0920106200200001 - BIOTECNOLOGIE","iC00a","Avvii di carriera al primo anno* (L; LMCU; LM)","2023","60.000"
"Università di Cagliari","L-2 - Biotecnologie","0920106200200001 - BIOTECNOLOGIE","iC00a","Avvii di carriera al primo anno* (L; LMCU; LM)","2024","62.000"
"Università di Cagliari","L-2 - Biotecnologie","0920106200200001 - BIOTECNOLOGIE","iC00a","Avvii di carriera al primo anno* (L; LMCU; LM)","2025","90.000"
"Università della Calabria","L-2 - Biotecnologie","0780106201300002 - Scienze e tecnologie biologiche","iC00a","Avvii di carriera al primo anno* (L; LMCU; LM)","2020","79.000"
"Università della Calabria","L-2 - Biotecnologie","0780106201300002 - Scienze e tecnologie biologiche","iC00a","Avvii di carriera al primo anno* (L; LMCU; LM)","2021","65.000"
"Università della Calabria","L-2 - Biotecnologie","0780106201300002 - Scienze e tecnologie biologiche","iC00a","Avvii di carriera al primo anno* (L; LMCU; LM)","2022","83.000"
"Università della Calabria","L-2 - Biotecnologie","0780106201300002 - Scienze e tecnologie biologiche","iC00a","Avvii di carriera al primo anno* (L; LMCU; LM)","2023","84.000"
"Università della Calabria","L-2 - Biotecnologie","0780106201300002 - Scienze e tecnologie biologiche","iC00a","Avvii di carriera al primo anno* (L; LMCU; LM)","2024","83.000"
"Università della Calabria","L-2 - Biotecnologie","0780106201300002 - Scienze e tecnologie biologiche","iC00a","Avvii di carriera al primo anno* (L; LMCU; LM)","2025","70.000"
"Università di Camerino","L-2 - Biotecnologie","0430206200200005 - Bioscienze e Biotecnologia -  Biosciences and Biotechnology","iC00a","Avvii di carriera al primo anno* (L; LMCU; LM)","2020","102.000"
"Università di Camerino","L-2 - Biotecnologie","0430206200200005 - Bioscienze e Biotecnologia -  Biosciences and Biotechnology","iC00a","Avvii di carriera al primo anno* (L; LMCU; LM)","2021","103.000"
"Università di Camerino","L-2 - Biotecnologie","0430206200200005 - Bioscienze e Biotecnologia -  Biosciences and Biotechnology","iC00a","Avvii di carriera al primo anno* (L; LMCU; LM)","2022","92.000"
"Università di Camerino","L-2 - Biotecnologie","0430206200200005 - Bioscienze e Biotecnologia -  Biosciences and Biotechnology","iC00a","Avvii di carriera al primo anno* (L; LMCU; LM)","2023","115.000"
"Università di Camerino","L-2 - Biotecnologie","0430206200200005 - Bioscienze e Biotecnologia -  Biosciences and Biotechnology","iC00a","Avvii di carriera al primo anno* (L; LMCU; LM)","2024","86.000"
"Università di Camerino","L-2 - Biotecnologie","0430206200200005 - Bioscienze e Biotecnologia -  Biosciences and Biotechnology","iC00a","Avvii di carriera al primo anno* (L; LMCU; LM)","2025","143.000"
"Università di Catania","L-2 - Biotecnologie","0870106200200001 - Biotecnologie","iC00a","Avvii di carriera al primo anno* (L; LMCU; LM)","2020","208.000"
"Università di Catania","L-2 - Biotecnologie","0870106200200001 - Biotecnologie","iC00a","Avvii di carriera al primo anno* (L; LMCU; LM)","2021","197.000"
"Università di Catania","L-2 - Biotecnologie","0870106200200001 - Biotecnologie","iC00a","Avvii di carriera al primo anno* (L; LMCU; LM)","2022","162.000"
"Università di Catania","L-2 - Biotecnologie","0870106200200001 - Biotecnologie","iC00a","Avvii di carriera al primo anno* (L; LMCU; LM)","2023","578.000"
"Università di Catania","L-2 - Biotecnologie","0870106200200001 - Biotecnologie","iC00a","Avvii di carriera al primo anno* (L; LMCU; LM)","2024","553.000"
"Università di Catania","L-2 - Biotecnologie","0870106200200001 - Biotecnologie","iC00a","Avvii di carriera al primo anno* (L; LMCU; LM)","2025","182.000"
"Magna Graecia","L-2 - Biotecnologie","0790106200200002 - Biotecnologie","iC00a","Avvii di carriera al primo anno* (L; LMCU; LM)","2020","181.000"
"Magna Graecia","L-2 - Biotecnologie","0790106200200002 - Biotecnologie","iC00a","Avvii di carriera al primo anno* (L; LMCU; LM)","2021","183.000"
"Magna Graecia","L-2 - Biotecnologie","0790106200200002 - Biotecnologie","iC00a","Avvii di carriera al primo anno* (L; LMCU; LM)","2022","56.000"
"Magna Graecia","L-2 - Biotecnologie","0790106200200002 - Biotecnologie","iC00a","Avvii di carriera al primo anno* (L; LMCU; LM)","2023","56.000"
"Magna Graecia","L-2 - Biotecnologie","0790106200200002 - Biotecnologie","iC00a","Avvii di carriera al primo anno* (L; LMCU; LM)","2024","43.000"
"Magna Graecia","L-2 - Biotecnologie","0790106200200002 - Biotecnologie","iC00a","Avvii di carriera al primo anno* (L; LMCU; LM)","2025","58.000"
"Università di Ferrara","L-2 - Biotecnologie","0380106200200001 - Biotecnologie","iC00a","Avvii di carriera al primo anno* (L; LMCU; LM)","2020","569.000"
"Università di Ferrara","L-2 - Biotecnologie","0380106200200001 - Biotecnologie","iC00a","Avvii di carriera al primo anno* (L; LMCU; LM)","2021","534.000"
"Università di Ferrara","L-2 - Biotecnologie","0380106200200001 - Biotecnologie","iC00a","Avvii di carriera al primo anno* (L; LMCU; LM)","2022","467.000"
"Università di Ferrara","L-2 - Biotecnologie","0380106200200001 - Biotecnologie","iC00a","Avvii di carriera al primo anno* (L; LMCU; LM)","2023","448.000"
"Università di Ferrara","L-2 - Biotecnologie","0380106200200001 - Biotecnologie","iC00a","Avvii di carriera al primo anno* (L; LMCU; LM)","2024","468.000"
"Università di Ferrara","L-2 - Biotecnologie","0380106200200001 - Biotecnologie","iC00a","Avvii di carriera al primo anno* (L; LMCU; LM)","2025","223.000"
"Università di Ferrara","L-2 - Biotecnologie","0380106200200002 - Biotecnologie mediche","iC00a","Avvii di carriera al primo anno* (L; LMCU; LM)","2020","878.000"
"Università di Ferrara","L-2 - Biotecnologie","0380106200200002 - Biotecnologie mediche","iC00a","Avvii di carriera al primo anno* (L; LMCU; LM)","2021","549.000"
"Università di Ferrara","L-2 - Biotecnologie","0380106200200002 - Biotecnologie mediche","iC00a","Avvii di carriera al primo anno* (L; LMCU; LM)","2022","547.000"
"Università di Ferrara","L-2 - Biotecnologie","0380106200200002 - Biotecnologie mediche","iC00a","Avvii di carriera al primo anno* (L; LMCU; LM)","2023","657.000"
"Università di Ferrara","L-2 - Biotecnologie","0380106200200002 - Biotecnologie mediche","iC00a","Avvii di carriera al primo anno* (L; LMCU; LM)","2024","657.000"
"Università di Ferrara","L-2 - Biotecnologie","0380106200200002 - Biotecnologie mediche","iC00a","Avvii di carriera al primo anno* (L; LMCU; LM)","2025","964.000"
"Università di Firenze","L-2 - Biotecnologie","0480106200200002 - Biotecnologie","iC00a","Avvii di carriera al primo anno* (L; LMCU; LM)","2020","298.000"
"Università di Firenze","L-2 - Biotecnologie","0480106200200002 - Biotecnologie","iC00a","Avvii di carriera al primo anno* (L; LMCU; LM)","2021","325.000"
"Università di Firenze","L-2 - Biotecnologie","0480106200200002 - Biotecnologie","iC00a","Avvii di carriera al primo anno* (L; LMCU; LM)","2022","335.000"
"Università di Firenze","L-2 - Biotecnologie","0480106200200002 - Biotecnologie","iC00a","Avvii di carriera al primo anno* (L; LMCU; LM)","2023","213.000"
"Università di Firenze","L-2 - Biotecnologie","0480106200200002 - Biotecnologie","iC00a","Avvii di carriera al primo anno* (L; LMCU; LM)","2024","232.000"
"Università di Firenze","L-2 - Biotecnologie","0480106200200002 - Biotecnologie","iC00a","Avvii di carriera al primo anno* (L; LMCU; LM)","2025","243.000"
"Università di Foggia","L-2 - Biotecnologie","0710107320200001 - BIOTECNOLOGIE","iC00a","Avvii di carriera al primo anno* (L; LMCU; LM)","2024","64.000"
"Università di Foggia","L-2 - Biotecnologie","0710107320200001 - BIOTECNOLOGIE","iC00a","Avvii di carriera al primo anno* (L; LMCU; LM)","2025","73.000"
"Università di Genova","L-2 - Biotecnologie","0100106200200004 - Biotecnologie","iC00a","Avvii di carriera al primo anno* (L; LMCU; LM)","2020","599.000"
"Università di Genova","L-2 - Biotecnologie","0100106200200004 - Biotecnologie","iC00a","Avvii di carriera al primo anno* (L; LMCU; LM)","2021","97.000"
"Università di Genova","L-2 - Biotecnologie","0100106200200004 - Biotecnologie","iC00a","Avvii di carriera al primo anno* (L; LMCU; LM)","2022","96.000"
"Università di Genova","L-2 - Biotecnologie","0100106200200004 - Biotecnologie","iC00a","Avvii di carriera al primo anno* (L; LMCU; LM)","2023","71.000"
"Università di Genova","L-2 - Biotecnologie","0100106200200004 - Biotecnologie","iC00a","Avvii di carriera al primo anno* (L; LMCU; LM)","2024","99.000"
"Università di Genova","L-2 - Biotecnologie","0100106200200004 - Biotecnologie","iC00a","Avvii di carriera al primo anno* (L; LMCU; LM)","2025","30.000"
"Università dell'Insubria","L-2 - Biotecnologie","0120206200200001 - Biotecnologie","iC00a","Avvii di carriera al primo anno* (L; LMCU; LM)","2020","123.000"
"Università dell'Insubria","L-2 - Biotecnologie","0120206200200001 - Biotecnologie","iC00a","Avvii di carriera al primo anno* (L; LMCU; LM)","2021","108.000"
"Università dell'Insubria","L-2 - Biotecnologie","0120206200200001 - Biotecnologie","iC00a","Avvii di carriera al primo anno* (L; LMCU; LM)","2022","162.000"
"Università dell'Insubria","L-2 - Biotecnologie","0120206200200001 - Biotecnologie","iC00a","Avvii di carriera al primo anno* (L; LMCU; LM)","2023","176.000"
"Università dell'Insubria","L-2 - Biotecnologie","0120206200200001 - Biotecnologie","iC00a","Avvii di carriera al primo anno* (L; LMCU; LM)","2024","170.000"
"Università dell'Insubria","L-2 - Biotecnologie","0120206200200001 - Biotecnologie","iC00a","Avvii di carriera al primo anno* (L; LMCU; LM)","2025","177.000"
"Università de L'Aquila","L-2 - Biotecnologie","0660106200200008 - Biotecnologie","iC00a","Avvii di carriera al primo anno* (L; LMCU; LM)","2020","126.000"
"Università de L'Aquila","L-2 - Biotecnologie","0660106200200008 - Biotecnologie","iC00a","Avvii di carriera al primo anno* (L; LMCU; LM)","2021","99.000"
"Università de L'Aquila","L-2 - Biotecnologie","0660106200200008 - Biotecnologie","iC00a","Avvii di carriera al primo anno* (L; LMCU; LM)","2022","109.000"
"Università de L'Aquila","L-2 - Biotecnologie","0660106200200008 - Biotecnologie","iC00a","Avvii di carriera al primo anno* (L; LMCU; LM)","2023","107.000"
"Università de L'Aquila","L-2 - Biotecnologie","0660106200200008 - Biotecnologie","iC00a","Avvii di carriera al primo anno* (L; LMCU; LM)","2024","104.000"
"Università de L'Aquila","L-2 - Biotecnologie","0660106200200008 - Biotecnologie","iC00a","Avvii di carriera al primo anno* (L; LMCU; LM)","2025","109.000"
"Università del SALENTO","L-2 - Biotecnologie","0750106200200002 - BIOTECNOLOGIE","iC00a","Avvii di carriera al primo anno* (L; LMCU; LM)","2020","91.000"
"Università del SALENTO","L-2 - Biotecnologie","0750106200200002 - BIOTECNOLOGIE","iC00a","Avvii di carriera al primo anno* (L; LMCU; LM)","2021","129.000"
"Università del SALENTO","L-2 - Biotecnologie","0750106200200002 - BIOTECNOLOGIE","iC00a","Avvii di carriera al primo anno* (L; LMCU; LM)","2022","130.000"
"Università del SALENTO","L-2 - Biotecnologie","0750106200200002 - BIOTECNOLOGIE","iC00a","Avvii di carriera al primo anno* (L; LMCU; LM)","2023","125.000"
"Università del SALENTO","L-2 - Biotecnologie","0750106200200002 - BIOTECNOLOGIE","iC00a","Avvii di carriera al primo anno* (L; LMCU; LM)","2024","116.000"
"Università del SALENTO","L-2 - Biotecnologie","0750106200200002 - BIOTECNOLOGIE","iC00a","Avvii di carriera al primo anno* (L; LMCU; LM)","2025","126.000"
"Università di Messina","L-2 - Biotecnologie","0830106200200003 - Biotecnologie","iC00a","Avvii di carriera al primo anno* (L; LMCU; LM)","2020","87.000"
"Università di Messina","L-2 - Biotecnologie","0830106200200003 - Biotecnologie","iC00a","Avvii di carriera al primo anno* (L; LMCU; LM)","2021","118.000"
"Università di Messina","L-2 - Biotecnologie","0830106200200003 - Biotecnologie","iC00a","Avvii di carriera al primo anno* (L; LMCU; LM)","2022","136.000"
"Università di Messina","L-2 - Biotecnologie","0830106200200003 - Biotecnologie","iC00a","Avvii di carriera al primo anno* (L; LMCU; LM)","2023","152.000"
"Università di Messina","L-2 - Biotecnologie","0830106200200003 - Biotecnologie","iC00a","Avvii di carriera al primo anno* (L; LMCU; LM)","2024","108.000"
"Università di Messina","L-2 - Biotecnologie","0830106200200003 - Biotecnologie","iC00a","Avvii di carriera al primo anno* (L; LMCU; LM)","2025","63.000"
"Università di Milano","L-2 - Biotecnologie","0150106200200003 - Biotecnologie mediche","iC00a","Avvii di carriera al primo anno* (L; LMCU; LM)","2020","136.000"
"Università di Milano","L-2 - Biotecnologie","0150106200200003 - Biotecnologie mediche","iC00a","Avvii di carriera al primo anno* (L; LMCU; LM)","2021","132.000"
"Università di Milano","L-2 - Biotecnologie","0150106200200003 - Biotecnologie mediche","iC00a","Avvii di carriera al primo anno* (L; LMCU; LM)","2022","121.000"
"Università di Milano","L-2 - Biotecnologie","0150106200200003 - Biotecnologie mediche","iC00a","Avvii di carriera al primo anno* (L; LMCU; LM)","2023","107.000"
"Università di Milano","L-2 - Biotecnologie","0150106200200003 - Biotecnologie mediche","iC00a","Avvii di carriera al primo anno* (L; LMCU; LM)","2024","121.000"
"Università di Milano","L-2 - Biotecnologie","0150106200200003 - Biotecnologie mediche","iC00a","Avvii di carriera al primo anno* (L; LMCU; LM)","2025","137.000"
"Università di Milano","L-2 - Biotecnologie","0150106200200016 - Biotecnologia","iC00a","Avvii di carriera al primo anno* (L; LMCU; LM)","2020","253.000"
"Università di Milano","L-2 - Biotecnologie","0150106200200016 - Biotecnologia","iC00a","Avvii di carriera al primo anno* (L; LMCU; LM)","2021","277.000"
"Università di Milano","L-2 - Biotecnologie","0150106200200016 - Biotecnologia","iC00a","Avvii di carriera al primo anno* (L; LMCU; LM)","2022","260.000"
"Università di Milano","L-2 - Biotecnologie","0150106200200016 - Biotecnologia","iC00a","Avvii di carriera al primo anno* (L; LMCU; LM)","2023","244.000"
"Università di Milano","L-2 - Biotecnologie","0150106200200016 - Biotecnologia","iC00a","Avvii di carriera al primo anno* (L; LMCU; LM)","2024","223.000"
"Università di Milano","L-2 - Biotecnologie","0150106200200016 - Biotecnologia","iC00a","Avvii di carriera al primo anno* (L; LMCU; LM)","2025","223.000"
"Bicocca","L-2 - Biotecnologie","0150906200200008 - BIOTECNOLOGIE","iC00a","Avvii di carriera al primo anno* (L; LMCU; LM)","2020","153.000"
"Bicocca","L-2 - Biotecnologie","0150906200200008 - BIOTECNOLOGIE","iC00a","Avvii di carriera al primo anno* (L; LMCU; LM)","2021","190.000"
"Bicocca","L-2 - Biotecnologie","0150906200200008 - BIOTECNOLOGIE","iC00a","Avvii di carriera al primo anno* (L; LMCU; LM)","2022","177.000"
"Bicocca","L-2 - Biotecnologie","0150906200200008 - BIOTECNOLOGIE","iC00a","Avvii di carriera al primo anno* (L; LMCU; LM)","2023","174.000"
"Bicocca","L-2 - Biotecnologie","0150906200200008 - BIOTECNOLOGIE","iC00a","Avvii di carriera al primo anno* (L; LMCU; LM)","2024","180.000"
"Bicocca","L-2 - Biotecnologie","0150906200200008 - BIOTECNOLOGIE","iC00a","Avvii di carriera al primo anno* (L; LMCU; LM)","2025","209.000"
"San Raffaele","L-2 - Biotecnologie","0150806200200002 - Ricerca biotecnologica in medicina","iC00a","Avvii di carriera al primo anno* (L; LMCU; LM)","2020","45.000"
"San Raffaele","L-2 - Biotecnologie","0150806200200002 - Ricerca biotecnologica in medicina","iC00a","Avvii di carriera al primo anno* (L; LMCU; LM)","2021","52.000"
"San Raffaele","L-2 - Biotecnologie","0150806200200002 - Ricerca biotecnologica in medicina","iC00a","Avvii di carriera al primo anno* (L; LMCU; LM)","2022","50.000"
"San Raffaele","L-2 - Biotecnologie","0150806200200002 - Ricerca biotecnologica in medicina","iC00a","Avvii di carriera al primo anno* (L; LMCU; LM)","2023","49.000"
"San Raffaele","L-2 - Biotecnologie","0150806200200002 - Ricerca biotecnologica in medicina","iC00a","Avvii di carriera al primo anno* (L; LMCU; LM)","2024","43.000"
"San Raffaele","L-2 - Biotecnologie","0150806200200002 - Ricerca biotecnologica in medicina","iC00a","Avvii di carriera al primo anno* (L; LMCU; LM)","2025","35.000"
"Università di Modena e Reggio Emilia","L-2 - Biotecnologie","0360106200200001 - BIOTECNOLOGIE","iC00a","Avvii di carriera al primo anno* (L; LMCU; LM)","2020","42.000"
"Università di Modena e Reggio Emilia","L-2 - Biotecnologie","0360106200200001 - BIOTECNOLOGIE","iC00a","Avvii di carriera al primo anno* (L; LMCU; LM)","2021","74.000"
"Università di Modena e Reggio Emilia","L-2 - Biotecnologie","0360106200200001 - BIOTECNOLOGIE","iC00a","Avvii di carriera al primo anno* (L; LMCU; LM)","2022","78.000"
"Università di Modena e Reggio Emilia","L-2 - Biotecnologie","0360106200200001 - BIOTECNOLOGIE","iC00a","Avvii di carriera al primo anno* (L; LMCU; LM)","2023","70.000"
"Università di Modena e Reggio Emilia","L-2 - Biotecnologie","0360106200200001 - BIOTECNOLOGIE","iC00a","Avvii di carriera al primo anno* (L; LMCU; LM)","2024","61.000"
"Università di Modena e Reggio Emilia","L-2 - Biotecnologie","0360106200200001 - BIOTECNOLOGIE","iC00a","Avvii di carriera al primo anno* (L; LMCU; LM)","2025","77.000"
"Federico II","L-2 - Biotecnologie","0630106200200002 - Corso di laurea in Biotecnologie Biomolecolari e Industriali","iC00a","Avvii di carriera al primo anno* (L; LMCU; LM)","2020","64.000"
"Federico II","L-2 - Biotecnologie","0630106200200002 - Corso di laurea in Biotecnologie Biomolecolari e Industriali","iC00a","Avvii di carriera al primo anno* (L; LMCU; LM)","2021","69.000"
"Federico II","L-2 - Biotecnologie","0630106200200002 - Corso di laurea in Biotecnologie Biomolecolari e Industriali","iC00a","Avvii di carriera al primo anno* (L; LMCU; LM)","2022","59.000"
"Federico II","L-2 - Biotecnologie","0630106200200002 - Corso di laurea in Biotecnologie Biomolecolari e Industriali","iC00a","Avvii di carriera al primo anno* (L; LMCU; LM)","2023","73.000"
"Federico II","L-2 - Biotecnologie","0630106200200002 - Corso di laurea in Biotecnologie Biomolecolari e Industriali","iC00a","Avvii di carriera al primo anno* (L; LMCU; LM)","2024","87.000"
"Federico II","L-2 - Biotecnologie","0630106200200002 - Corso di laurea in Biotecnologie Biomolecolari e Industriali","iC00a","Avvii di carriera al primo anno* (L; LMCU; LM)","2025","60.000"
"Federico II","L-2 - Biotecnologie","0630106200200004 - Biotecnologie per la Salute","iC00a","Avvii di carriera al primo anno* (L; LMCU; LM)","2020","453.000"
"Federico II","L-2 - Biotecnologie","0630106200200004 - Biotecnologie per la Salute","iC00a","Avvii di carriera al primo anno* (L; LMCU; LM)","2021","431.000"
"Federico II","L-2 - Biotecnologie","0630106200200004 - Biotecnologie per la Salute","iC00a","Avvii di carriera al primo anno* (L; LMCU; LM)","2022","439.000"
"Federico II","L-2 - Biotecnologie","0630106200200004 - Biotecnologie per la Salute","iC00a","Avvii di carriera al primo anno* (L; LMCU; LM)","2023","441.000"
"Federico II","L-2 - Biotecnologie","0630106200200004 - Biotecnologie per la Salute","iC00a","Avvii di carriera al primo anno* (L; LMCU; LM)","2024","453.000"
"Federico II","L-2 - Biotecnologie","0630106200200004 - Biotecnologie per la Salute","iC00a","Avvii di carriera al primo anno* (L; LMCU; LM)","2025","461.000"
"Università Vanvitelli","L-2 - Biotecnologie","0630606200200002 - Biotecnologie","iC00a","Avvii di carriera al primo anno* (L; LMCU; LM)","2020","201.000"
"Università Vanvitelli","L-2 - Biotecnologie","0630606200200002 - Biotecnologie","iC00a","Avvii di carriera al primo anno* (L; LMCU; LM)","2021","202.000"
"Università Vanvitelli","L-2 - Biotecnologie","0630606200200002 - Biotecnologie","iC00a","Avvii di carriera al primo anno* (L; LMCU; LM)","2022","191.000"
"Università Vanvitelli","L-2 - Biotecnologie","0630606200200002 - Biotecnologie","iC00a","Avvii di carriera al primo anno* (L; LMCU; LM)","2023","120.000"
"Università Vanvitelli","L-2 - Biotecnologie","0630606200200002 - Biotecnologie","iC00a","Avvii di carriera al primo anno* (L; LMCU; LM)","2024","160.000"
"Università Vanvitelli","L-2 - Biotecnologie","0630606200200002 - Biotecnologie","iC00a","Avvii di carriera al primo anno* (L; LMCU; LM)","2025","124.000"
"Università di Padova","L-2 - Biotecnologie","0280106200200001 - Biotecnologie","iC00a","Avvii di carriera al primo anno* (L; LMCU; LM)","2020","167.000"
"Università di Padova","L-2 - Biotecnologie","0280106200200001 - Biotecnologie","iC00a","Avvii di carriera al primo anno* (L; LMCU; LM)","2021","301.000"
"Università di Padova","L-2 - Biotecnologie","0280106200200001 - Biotecnologie","iC00a","Avvii di carriera al primo anno* (L; LMCU; LM)","2022","255.000"
"Università di Padova","L-2 - Biotecnologie","0280106200200001 - Biotecnologie","iC00a","Avvii di carriera al primo anno* (L; LMCU; LM)","2023","189.000"
"Università di Padova","L-2 - Biotecnologie","0280106200200001 - Biotecnologie","iC00a","Avvii di carriera al primo anno* (L; LMCU; LM)","2024","207.000"
"Università di Padova","L-2 - Biotecnologie","0280106200200001 - Biotecnologie","iC00a","Avvii di carriera al primo anno* (L; LMCU; LM)","2025","234.000"
"Università di Palermo","L-2 - Biotecnologie","0820106200200001 - Biotecnologie","iC00a","Avvii di carriera al primo anno* (L; LMCU; LM)","2020","98.000"
"Università di Palermo","L-2 - Biotecnologie","0820106200200001 - Biotecnologie","iC00a","Avvii di carriera al primo anno* (L; LMCU; LM)","2021","96.000"
"Università di Palermo","L-2 - Biotecnologie","0820106200200001 - Biotecnologie","iC00a","Avvii di carriera al primo anno* (L; LMCU; LM)","2022","91.000"
"Università di Palermo","L-2 - Biotecnologie","0820106200200001 - Biotecnologie","iC00a","Avvii di carriera al primo anno* (L; LMCU; LM)","2023","100.000"
"Università di Palermo","L-2 - Biotecnologie","0820106200200001 - Biotecnologie","iC00a","Avvii di carriera al primo anno* (L; LMCU; LM)","2024","95.000"
"Università di Palermo","L-2 - Biotecnologie","0820106200200001 - Biotecnologie","iC00a","Avvii di carriera al primo anno* (L; LMCU; LM)","2025","111.000"
"Università di Parma","L-2 - Biotecnologie","0340106200200002 - Biotecnologie","iC00a","Avvii di carriera al primo anno* (L; LMCU; LM)","2020","126.000"
"Università di Parma","L-2 - Biotecnologie","0340106200200002 - Biotecnologie","iC00a","Avvii di carriera al primo anno* (L; LMCU; LM)","2021","117.000"
"Università di Parma","L-2 - Biotecnologie","0340106200200002 - Biotecnologie","iC00a","Avvii di carriera al primo anno* (L; LMCU; LM)","2022","123.000"
"Università di Parma","L-2 - Biotecnologie","0340106200200002 - Biotecnologie","iC00a","Avvii di carriera al primo anno* (L; LMCU; LM)","2023","110.000"
"Università di Parma","L-2 - Biotecnologie","0340106200200002 - Biotecnologie","iC00a","Avvii di carriera al primo anno* (L; LMCU; LM)","2024","108.000"
"Università di Parma","L-2 - Biotecnologie","0340106200200002 - Biotecnologie","iC00a","Avvii di carriera al primo anno* (L; LMCU; LM)","2025","102.000"
"Università di Pavia","L-2 - Biotecnologie","0180106200200002 - Biotecnologie","iC00a","Avvii di carriera al primo anno* (L; LMCU; LM)","2020","208.000"
"Università di Pavia","L-2 - Biotecnologie","0180106200200002 - Biotecnologie","iC00a","Avvii di carriera al primo anno* (L; LMCU; LM)","2021","189.000"
"Università di Pavia","L-2 - Biotecnologie","0180106200200002 - Biotecnologie","iC00a","Avvii di carriera al primo anno* (L; LMCU; LM)","2022","184.000"
"Università di Pavia","L-2 - Biotecnologie","0180106200200002 - Biotecnologie","iC00a","Avvii di carriera al primo anno* (L; LMCU; LM)","2023","179.000"
"Università di Pavia","L-2 - Biotecnologie","0180106200200002 - Biotecnologie","iC00a","Avvii di carriera al primo anno* (L; LMCU; LM)","2024","175.000"
"Università di Pavia","L-2 - Biotecnologie","0180106200200002 - Biotecnologie","iC00a","Avvii di carriera al primo anno* (L; LMCU; LM)","2025","204.000"
"Università di Perugia","L-2 - Biotecnologie","0540106200200003 - Biotecnologie","iC00a","Avvii di carriera al primo anno* (L; LMCU; LM)","2020","609.000"
"Università di Perugia","L-2 - Biotecnologie","0540106200200003 - Biotecnologie","iC00a","Avvii di carriera al primo anno* (L; LMCU; LM)","2021","817.000"
"Università di Perugia","L-2 - Biotecnologie","0540106200200003 - Biotecnologie","iC00a","Avvii di carriera al primo anno* (L; LMCU; LM)","2022","671.000"
"Università di Perugia","L-2 - Biotecnologie","0540106200200003 - Biotecnologie","iC00a","Avvii di carriera al primo anno* (L; LMCU; LM)","2023","477.000"
"Università di Perugia","L-2 - Biotecnologie","0540106200200003 - Biotecnologie","iC00a","Avvii di carriera al primo anno* (L; LMCU; LM)","2024","447.000"
"Università di Perugia","L-2 - Biotecnologie","0540106200200003 - Biotecnologie","iC00a","Avvii di carriera al primo anno* (L; LMCU; LM)","2025","223.000"
"Piemonte Orientale","L-2 - Biotecnologie","0020106200200004 - Biotecnologie","iC00a","Avvii di carriera al primo anno* (L; LMCU; LM)","2020","640.000"
"Piemonte Orientale","L-2 - Biotecnologie","0020106200200004 - Biotecnologie","iC00a","Avvii di carriera al primo anno* (L; LMCU; LM)","2021","739.000"
"Piemonte Orientale","L-2 - Biotecnologie","0020106200200004 - Biotecnologie","iC00a","Avvii di carriera al primo anno* (L; LMCU; LM)","2022","704.000"
"Piemonte Orientale","L-2 - Biotecnologie","0020106200200004 - Biotecnologie","iC00a","Avvii di carriera al primo anno* (L; LMCU; LM)","2023","987.000"
"Piemonte Orientale","L-2 - Biotecnologie","0020106200200004 - Biotecnologie","iC00a","Avvii di carriera al primo anno* (L; LMCU; LM)","2024","830.000"
"Piemonte Orientale","L-2 - Biotecnologie","0020106200200004 - Biotecnologie","iC00a","Avvii di carriera al primo anno* (L; LMCU; LM)","2025","482.000"
"Università di Pisa","L-2 - Biotecnologie","0500106200200004 - BIOTECNOLOGIE","iC00a","Avvii di carriera al primo anno* (L; LMCU; LM)","2020","29.000"
"Università di Pisa","L-2 - Biotecnologie","0500106200200004 - BIOTECNOLOGIE","iC00a","Avvii di carriera al primo anno* (L; LMCU; LM)","2021","36.000"
"Università di Pisa","L-2 - Biotecnologie","0500106200200004 - BIOTECNOLOGIE","iC00a","Avvii di carriera al primo anno* (L; LMCU; LM)","2022","37.000"
"Università di Pisa","L-2 - Biotecnologie","0500106200200004 - BIOTECNOLOGIE","iC00a","Avvii di carriera al primo anno* (L; LMCU; LM)","2023","35.000"
"Università di Pisa","L-2 - Biotecnologie","0500106200200004 - BIOTECNOLOGIE","iC00a","Avvii di carriera al primo anno* (L; LMCU; LM)","2024","37.000"
"Università di Pisa","L-2 - Biotecnologie","0500106200200004 - BIOTECNOLOGIE","iC00a","Avvii di carriera al primo anno* (L; LMCU; LM)","2025","50.000"
"La Sapienza","L-2 - Biotecnologie","0580106200200001 - Biotecnologie Agro-Alimentari e Industriali","iC00a","Avvii di carriera al primo anno* (L; LMCU; LM)","2020","38.000"
"La Sapienza","L-2 - Biotecnologie","0580106200200001 - Biotecnologie Agro-Alimentari e Industriali","iC00a","Avvii di carriera al primo anno* (L; LMCU; LM)","2021","56.000"
"La Sapienza","L-2 - Biotecnologie","0580106200200001 - Biotecnologie Agro-Alimentari e Industriali","iC00a","Avvii di carriera al primo anno* (L; LMCU; LM)","2022","50.000"
"La Sapienza","L-2 - Biotecnologie","0580106200200001 - Biotecnologie Agro-Alimentari e Industriali","iC00a","Avvii di carriera al primo anno* (L; LMCU; LM)","2023","35.000"
"La Sapienza","L-2 - Biotecnologie","0580106200200001 - Biotecnologie Agro-Alimentari e Industriali","iC00a","Avvii di carriera al primo anno* (L; LMCU; LM)","2024","43.000"
"La Sapienza","L-2 - Biotecnologie","0580106200200001 - Biotecnologie Agro-Alimentari e Industriali","iC00a","Avvii di carriera al primo anno* (L; LMCU; LM)","2025","33.000"
"La Sapienza","L-2 - Biotecnologie","0580106200200002 - Biotecnologie","iC00a","Avvii di carriera al primo anno* (L; LMCU; LM)","2020","120.000"
"La Sapienza","L-2 - Biotecnologie","0580106200200002 - Biotecnologie","iC00a","Avvii di carriera al primo anno* (L; LMCU; LM)","2021","117.000"
"La Sapienza","L-2 - Biotecnologie","0580106200200002 - Biotecnologie","iC00a","Avvii di carriera al primo anno* (L; LMCU; LM)","2022","119.000"
"La Sapienza","L-2 - Biotecnologie","0580106200200002 - Biotecnologie","iC00a","Avvii di carriera al primo anno* (L; LMCU; LM)","2023","119.000"
"La Sapienza","L-2 - Biotecnologie","0580106200200002 - Biotecnologie","iC00a","Avvii di carriera al primo anno* (L; LMCU; LM)","2024","121.000"
"La Sapienza","L-2 - Biotecnologie","0580106200200002 - Biotecnologie","iC00a","Avvii di carriera al primo anno* (L; LMCU; LM)","2025","120.000"
"La Sapienza","L-2 - Biotecnologie","0580106200200003 - Bioinformatica","iC00a","Avvii di carriera al primo anno* (L; LMCU; LM)","2020","43.000"
"La Sapienza","L-2 - Biotecnologie","0580106200200003 - Bioinformatica","iC00a","Avvii di carriera al primo anno* (L; LMCU; LM)","2021","35.000"
"La Sapienza","L-2 - Biotecnologie","0580106200200003 - Bioinformatica","iC00a","Avvii di carriera al primo anno* (L; LMCU; LM)","2022","43.000"
"La Sapienza","L-2 - Biotecnologie","0580106200200003 - Bioinformatica","iC00a","Avvii di carriera al primo anno* (L; LMCU; LM)","2023","34.000"
"La Sapienza","L-2 - Biotecnologie","0580106200200003 - Bioinformatica","iC00a","Avvii di carriera al primo anno* (L; LMCU; LM)","2024","31.000"
"La Sapienza","L-2 - Biotecnologie","0580106200200003 - Bioinformatica","iC00a","Avvii di carriera al primo anno* (L; LMCU; LM)","2025","43.000"
"Tor Vergata","L-2 - Biotecnologie","0580206200200001 - Biotecnologie","iC00a","Avvii di carriera al primo anno* (L; LMCU; LM)","2020","76.000"
"Tor Vergata","L-2 - Biotecnologie","0580206200200001 - Biotecnologie","iC00a","Avvii di carriera al primo anno* (L; LMCU; LM)","2021","87.000"
"Tor Vergata","L-2 - Biotecnologie","0580206200200001 - Biotecnologie","iC00a","Avvii di carriera al primo anno* (L; LMCU; LM)","2022","88.000"
"Tor Vergata","L-2 - Biotecnologie","0580206200200001 - Biotecnologie","iC00a","Avvii di carriera al primo anno* (L; LMCU; LM)","2023","88.000"
"Tor Vergata","L-2 - Biotecnologie","0580206200200001 - Biotecnologie","iC00a","Avvii di carriera al primo anno* (L; LMCU; LM)","2024","77.000"
"Tor Vergata","L-2 - Biotecnologie","0580206200200001 - Biotecnologie","iC00a","Avvii di carriera al primo anno* (L; LMCU; LM)","2025","99.000"
"Università del Sannio","L-2 - Biotecnologie","0620106200200003 - BIOTECNOLOGIE","iC00a","Avvii di carriera al primo anno* (L; LMCU; LM)","2020","133.000"
"Università del Sannio","L-2 - Biotecnologie","0620106200200003 - BIOTECNOLOGIE","iC00a","Avvii di carriera al primo anno* (L; LMCU; LM)","2021","151.000"
"Università del Sannio","L-2 - Biotecnologie","0620106200200003 - BIOTECNOLOGIE","iC00a","Avvii di carriera al primo anno* (L; LMCU; LM)","2022","194.000"
"Università del Sannio","L-2 - Biotecnologie","0620106200200003 - BIOTECNOLOGIE","iC00a","Avvii di carriera al primo anno* (L; LMCU; LM)","2023","139.000"
"Università del Sannio","L-2 - Biotecnologie","0620106200200003 - BIOTECNOLOGIE","iC00a","Avvii di carriera al primo anno* (L; LMCU; LM)","2024","127.000"
"Università del Sannio","L-2 - Biotecnologie","0620106200200003 - BIOTECNOLOGIE","iC00a","Avvii di carriera al primo anno* (L; LMCU; LM)","2025","153.000"
"Università di Sassari","L-2 - Biotecnologie","0900106200200001 - Biotecnologie e Analisi Bioinformatiche","iC00a","Avvii di carriera al primo anno* (L; LMCU; LM)","2020","66.000"
"Università di Sassari","L-2 - Biotecnologie","0900106200200001 - Biotecnologie e Analisi Bioinformatiche","iC00a","Avvii di carriera al primo anno* (L; LMCU; LM)","2021","44.000"
"Università di Sassari","L-2 - Biotecnologie","0900106200200001 - Biotecnologie e Analisi Bioinformatiche","iC00a","Avvii di carriera al primo anno* (L; LMCU; LM)","2022","80.000"
"Università di Sassari","L-2 - Biotecnologie","0900106200200001 - Biotecnologie e Analisi Bioinformatiche","iC00a","Avvii di carriera al primo anno* (L; LMCU; LM)","2023","71.000"
"Università di Sassari","L-2 - Biotecnologie","0900106200200001 - Biotecnologie e Analisi Bioinformatiche","iC00a","Avvii di carriera al primo anno* (L; LMCU; LM)","2024","54.000"
"Università di Sassari","L-2 - Biotecnologie","0900106200200001 - Biotecnologie e Analisi Bioinformatiche","iC00a","Avvii di carriera al primo anno* (L; LMCU; LM)","2025","51.000"
"Università di Siena","L-2 - Biotecnologie","0520106200200001 - Biotecnologie","iC00a","Avvii di carriera al primo anno* (L; LMCU; LM)","2020","47.000"
"Università di Siena","L-2 - Biotecnologie","0520106200200001 - Biotecnologie","iC00a","Avvii di carriera al primo anno* (L; LMCU; LM)","2021","87.000"
"Università di Siena","L-2 - Biotecnologie","0520106200200001 - Biotecnologie","iC00a","Avvii di carriera al primo anno* (L; LMCU; LM)","2022","80.000"
"Università di Siena","L-2 - Biotecnologie","0520106200200001 - Biotecnologie","iC00a","Avvii di carriera al primo anno* (L; LMCU; LM)","2023","73.000"
"Università di Siena","L-2 - Biotecnologie","0520106200200001 - Biotecnologie","iC00a","Avvii di carriera al primo anno* (L; LMCU; LM)","2024","72.000"
"Università di Siena","L-2 - Biotecnologie","0520106200200001 - Biotecnologie","iC00a","Avvii di carriera al primo anno* (L; LMCU; LM)","2025","90.000"
"Università di Teramo","L-2 - Biotecnologie","0670106200200002 - Biotecnologie","iC00a","Avvii di carriera al primo anno* (L; LMCU; LM)","2020","244.000"
"Università di Teramo","L-2 - Biotecnologie","0670106200200002 - Biotecnologie","iC00a","Avvii di carriera al primo anno* (L; LMCU; LM)","2021","227.000"
"Università di Teramo","L-2 - Biotecnologie","0670106200200002 - Biotecnologie","iC00a","Avvii di carriera al primo anno* (L; LMCU; LM)","2022","187.000"
"Università di Teramo","L-2 - Biotecnologie","0670106200200002 - Biotecnologie","iC00a","Avvii di carriera al primo anno* (L; LMCU; LM)","2023","157.000"
"Università di Teramo","L-2 - Biotecnologie","0670106200200002 - Biotecnologie","iC00a","Avvii di carriera al primo anno* (L; LMCU; LM)","2024","123.000"
"Università di Teramo","L-2 - Biotecnologie","0670106200200002 - Biotecnologie","iC00a","Avvii di carriera al primo anno* (L; LMCU; LM)","2025","105.000"
"Università di Torino","L-2 - Biotecnologie","0010106200200003 - BIOTECNOLOGIE","iC00a","Avvii di carriera al primo anno* (L; LMCU; LM)","2020","144.000"
"Università di Torino","L-2 - Biotecnologie","0010106200200003 - BIOTECNOLOGIE","iC00a","Avvii di carriera al primo anno* (L; LMCU; LM)","2021","111.000"
"Università di Torino","L-2 - Biotecnologie","0010106200200003 - BIOTECNOLOGIE","iC00a","Avvii di carriera al primo anno* (L; LMCU; LM)","2022","118.000"
"Università di Torino","L-2 - Biotecnologie","0010106200200003 - BIOTECNOLOGIE","iC00a","Avvii di carriera al primo anno* (L; LMCU; LM)","2023","118.000"
"Università di Torino","L-2 - Biotecnologie","0010106200200003 - BIOTECNOLOGIE","iC00a","Avvii di carriera al primo anno* (L; LMCU; LM)","2024","144.000"
"Università di Torino","L-2 - Biotecnologie","0010106200200003 - BIOTECNOLOGIE","iC00a","Avvii di carriera al primo anno* (L; LMCU; LM)","2025","130.000"
"Università di Trento","L-2 - Biotecnologie","0220106200200002 - SCIENZE E TECNOLOGIE BIOMOLECOLARI","iC00a","Avvii di carriera al primo anno* (L; LMCU; LM)","2020","64.000"
"Università di Trento","L-2 - Biotecnologie","0220106200200002 - SCIENZE E TECNOLOGIE BIOMOLECOLARI","iC00a","Avvii di carriera al primo anno* (L; LMCU; LM)","2021","66.000"
"Università di Trento","L-2 - Biotecnologie","0220106200200002 - SCIENZE E TECNOLOGIE BIOMOLECOLARI","iC00a","Avvii di carriera al primo anno* (L; LMCU; LM)","2022","66.000"
"Università di Trento","L-2 - Biotecnologie","0220106200200002 - SCIENZE E TECNOLOGIE BIOMOLECOLARI","iC00a","Avvii di carriera al primo anno* (L; LMCU; LM)","2023","65.000"
"Università di Trento","L-2 - Biotecnologie","0220106200200002 - SCIENZE E TECNOLOGIE BIOMOLECOLARI","iC00a","Avvii di carriera al primo anno* (L; LMCU; LM)","2024","60.000"
"Università di Trento","L-2 - Biotecnologie","0220106200200002 - SCIENZE E TECNOLOGIE BIOMOLECOLARI","iC00a","Avvii di carriera al primo anno* (L; LMCU; LM)","2025","76.000"
"Università di Trieste","L-2 - Biotecnologie","0320106201300002 - Scienze e tecnologie biologiche","iC00a","Avvii di carriera al primo anno* (L; LMCU; LM)","2020","65.000"
"Università di Trieste","L-2 - Biotecnologie","0320106201300002 - Scienze e tecnologie biologiche","iC00a","Avvii di carriera al primo anno* (L; LMCU; LM)","2021","57.000"
"Università di Trieste","L-2 - Biotecnologie","0320106201300002 - Scienze e tecnologie biologiche","iC00a","Avvii di carriera al primo anno* (L; LMCU; LM)","2022","48.000"
"Università di Trieste","L-2 - Biotecnologie","0320106201300002 - Scienze e tecnologie biologiche","iC00a","Avvii di carriera al primo anno* (L; LMCU; LM)","2023","65.000"
"Università di Trieste","L-2 - Biotecnologie","0320106201300002 - Scienze e tecnologie biologiche","iC00a","Avvii di carriera al primo anno* (L; LMCU; LM)","2024","70.000"
"Università di Trieste","L-2 - Biotecnologie","0320106201300002 - Scienze e tecnologie biologiche","iC00a","Avvii di carriera al primo anno* (L; LMCU; LM)","2025","64.000"
"Università della Tuscia","L-2 - Biotecnologie","0560106200200005 - Biotecnologie","iC00a","Avvii di carriera al primo anno* (L; LMCU; LM)","2020","247.000"
"Università della Tuscia","L-2 - Biotecnologie","0560106200200005 - Biotecnologie","iC00a","Avvii di carriera al primo anno* (L; LMCU; LM)","2021","198.000"
"Università della Tuscia","L-2 - Biotecnologie","0560106200200005 - Biotecnologie","iC00a","Avvii di carriera al primo anno* (L; LMCU; LM)","2022","159.000"
"Università della Tuscia","L-2 - Biotecnologie","0560106200200005 - Biotecnologie","iC00a","Avvii di carriera al primo anno* (L; LMCU; LM)","2023","105.000"
"Università della Tuscia","L-2 - Biotecnologie","0560106200200005 - Biotecnologie","iC00a","Avvii di carriera al primo anno* (L; LMCU; LM)","2024","95.000"
"Università della Tuscia","L-2 - Biotecnologie","0560106200200005 - Biotecnologie","iC00a","Avvii di carriera al primo anno* (L; LMCU; LM)","2025","110.000"
"Università di Udine","L-2 - Biotecnologie","0300106200200002 - Biotecnologie","iC00a","Avvii di carriera al primo anno* (L; LMCU; LM)","2020","75.000"
"Università di Udine","L-2 - Biotecnologie","0300106200200002 - Biotecnologie","iC00a","Avvii di carriera al primo anno* (L; LMCU; LM)","2021","94.000"
"Università di Udine","L-2 - Biotecnologie","0300106200200002 - Biotecnologie","iC00a","Avvii di carriera al primo anno* (L; LMCU; LM)","2022","91.000"
"Università di Udine","L-2 - Biotecnologie","0300106200200002 - Biotecnologie","iC00a","Avvii di carriera al primo anno* (L; LMCU; LM)","2023","72.000"
"Università di Udine","L-2 - Biotecnologie","0300106200200002 - Biotecnologie","iC00a","Avvii di carriera al primo anno* (L; LMCU; LM)","2024","68.000"
"Università di Udine","L-2 - Biotecnologie","0300106200200002 - Biotecnologie","iC00a","Avvii di carriera al primo anno* (L; LMCU; LM)","2025","83.000"
"Carlo Bo","L-2 - Biotecnologie","0410106200200001 - BIOTECNOLOGIE","iC00a","Avvii di carriera al primo anno* (L; LMCU; LM)","2020","93.000"
"Carlo Bo","L-2 - Biotecnologie","0410106200200001 - BIOTECNOLOGIE","iC00a","Avvii di carriera al primo anno* (L; LMCU; LM)","2021","140.000"
"Carlo Bo","L-2 - Biotecnologie","0410106200200001 - BIOTECNOLOGIE","iC00a","Avvii di carriera al primo anno* (L; LMCU; LM)","2022","123.000"
"Carlo Bo","L-2 - Biotecnologie","0410106200200001 - BIOTECNOLOGIE","iC00a","Avvii di carriera al primo anno* (L; LMCU; LM)","2023","154.000"
"Carlo Bo","L-2 - Biotecnologie","0410106200200001 - BIOTECNOLOGIE","iC00a","Avvii di carriera al primo anno* (L; LMCU; LM)","2024","138.000"
"Carlo Bo","L-2 - Biotecnologie","0410106200200001 - BIOTECNOLOGIE","iC00a","Avvii di carriera al primo anno* (L; LMCU; LM)","2025","93.000"
"Università di Verona","L-2 - Biotecnologie","0230106200200002 - Biotecnologie","iC00a","Avvii di carriera al primo anno* (L; LMCU; LM)","2020","200.000"
"Università di Verona","L-2 - Biotecnologie","0230106200200002 - Biotecnologie","iC00a","Avvii di carriera al primo anno* (L; LMCU; LM)","2021","159.000"
"Università di Verona","L-2 - Biotecnologie","0230106200200002 - Biotecnologie","iC00a","Avvii di carriera al primo anno* (L; LMCU; LM)","2022","122.000"
"Università di Verona","L-2 - Biotecnologie","0230106200200002 - Biotecnologie","iC00a","Avvii di carriera al primo anno* (L; LMCU; LM)","2023","139.000"
"Università di Verona","L-2 - Biotecnologie","0230106200200002 - Biotecnologie","iC00a","Avvii di carriera al primo anno* (L; LMCU; LM)","2024","156.000"
"Università di Verona","L-2 - Biotecnologie","0230106200200002 - Biotecnologie","iC00a","Avvii di carriera al primo anno* (L; LMCU; LM)","2025","136.000"
